Workbook

Sheet 0. Notes
A2: The Sheet 'Frailty_inputs_do_not_edit' should be saved as csv for reading by the Stella model
A3: It should not be edited except when you want to change the structure of inputs - e.g., add or remove an input.
A4: The other tabs have the editable inputs. If you want to change values, make the changes here and then save Tab 1 as a csv

Sheet 1. Frailty_inputs_do_not_edit
A1: =_xlfn.CONCAT('2 Resident Population'!B1,".",'2 Resident Population'!A4) -> Resident Population.age-specific baseline mortality rate[male, age] | B1: ='2 Resident Population'!B4 -> 1.99375 | C1: ='2 Resident Population'!C4 -> 1.99375 | D1: ='2 Resident Population'!D4 -> 0.14375 | E1: ='2 Resident Population'!E4 -> 0.14375 | F1: ='2 Resident Population'!F4 -> 0.14375 | G1: ='2 Resident Population'!G4 -> 0.14375 | H1: ='2 Resident Population'!H4 -> 0.1 | I1: ='2 Resident Population'!I4 -> 0.1 | ... CY1: ='2 Resident Population'!CY4 -> 173.4125
A2: =_xlfn.CONCAT('2 Resident Population'!B1,".",'2 Resident Population'!A5) -> Resident Population.age-specific baseline mortality rate[female, age] | B2: ='2 Resident Population'!B5 -> 1.9375 | C2: ='2 Resident Population'!C5 -> 1.9375 | D2: ='2 Resident Population'!D5 -> 0.11333333 | E2: ='2 Resident Population'!E5 -> 0.11333333 | F2: ='2 Resident Population'!F5 -> 0.11333333 | G2: ='2 Resident Population'!G5 -> 0.11333333 | H2: ='2 Resident Population'!H5 -> 0.1 | I2: ='2 Resident Population'!I5 -> 0.1 | ... CY2: ='2 Resident Population'!CY5 -> 154.11875
A3: =_xlfn.CONCAT('2 Resident Population'!B1,".",'2 Resident Population'!A8) -> Resident Population.fertility rate[age] | B3: ='2 Resident Population'!B8 -> 0 | C3: ='2 Resident Population'!C8 -> 0 | D3: ='2 Resident Population'!D8 -> 0 | E3: ='2 Resident Population'!E8 -> 0 | F3: ='2 Resident Population'!F8 -> 0 | G3: ='2 Resident Population'!G8 -> 0 | H3: ='2 Resident Population'!H8 -> 0 | I3: ='2 Resident Population'!I8 -> 0 | ... CY3: ='2 Resident Population'!CY8 -> 0
A4: =_xlfn.CONCAT('2 Resident Population'!B1,".",'2 Resident Population'!A11) -> Resident Population.gender proportion of babies[gender] | B4: ='2 Resident Population'!B11 -> 0.48 | C4: ='2 Resident Population'!C11 -> 0.52
A5: =_xlfn.CONCAT('2 Resident Population'!B1,".",'2 Resident Population'!A14) -> Resident Population.resident population[Chinese, male, age] | B5: ='2 Resident Population'!B14 -> 0 | C5: ='2 Resident Population'!C14 -> 11690 | D5: ='2 Resident Population'!D14 -> 13107 | E5: ='2 Resident Population'!E14 -> 13950 | F5: ='2 Resident Population'!F14 -> 13455 | G5: ='2 Resident Population'!G14 -> 13487 | H5: ='2 Resident Population'!H14 -> 13571 | I5: ='2 Resident Population'!I14 -> 13356 | ... CY5: ='2 Resident Population'!CY14 -> 203
A6: =_xlfn.CONCAT('2 Resident Population'!B1,".",'2 Resident Population'!A15) -> Resident Population.resident population[Chinese, female, age] | B6: ='2 Resident Population'!B15 -> 0 | C6: ='2 Resident Population'!C15 -> 11185 | D6: ='2 Resident Population'!D15 -> 12384 | E6: ='2 Resident Population'!E15 -> 13323 | F6: ='2 Resident Population'!F15 -> 12864 | G6: ='2 Resident Population'!G15 -> 12868 | H6: ='2 Resident Population'!H15 -> 13017 | I6: ='2 Resident Population'!I15 -> 12598 | ... CY6: ='2 Resident Population'!CY15 -> 446
A7: =_xlfn.CONCAT('2 Resident Population'!B1,".",'2 Resident Population'!A16) -> Resident Population.resident population[Malay, male, age] | B7: ='2 Resident Population'!B16 -> 0 | C7: ='2 Resident Population'!C16 -> 3016 | D7: ='2 Resident Population'!D16 -> 3261 | E7: ='2 Resident Population'!E16 -> 3308 | F7: ='2 Resident Population'!F16 -> 3458 | G7: ='2 Resident Population'!G16 -> 3453 | H7: ='2 Resident Population'!H16 -> 3440 | I7: ='2 Resident Population'!I16 -> 3484 | ... CY7: ='2 Resident Population'!CY16 -> 12
A8: =_xlfn.CONCAT('2 Resident Population'!B1,".",'2 Resident Population'!A17) -> Resident Population.resident population[Malay, female, age] | B8: ='2 Resident Population'!B17 -> 0 | C8: ='2 Resident Population'!C17 -> 2906 | D8: ='2 Resident Population'!D17 -> 3096 | E8: ='2 Resident Population'!E17 -> 3260 | F8: ='2 Resident Population'!F17 -> 3159 | G8: ='2 Resident Population'!G17 -> 3286 | H8: ='2 Resident Population'!H17 -> 3233 | I8: ='2 Resident Population'!I17 -> 3416 | ... CY8: ='2 Resident Population'!CY17 -> 10
A9: =_xlfn.CONCAT('2 Resident Population'!B1,".",'2 Resident Population'!A18) -> Resident Population.resident population[Indian, male, age] | B9: ='2 Resident Population'!B18 -> 0 | C9: ='2 Resident Population'!C18 -> 1447 | D9: ='2 Resident Population'!D18 -> 2236 | E9: ='2 Resident Population'!E18 -> 2739 | F9: ='2 Resident Population'!F18 -> 2874 | G9: ='2 Resident Population'!G18 -> 2820 | H9: ='2 Resident Population'!H18 -> 2698 | I9: ='2 Resident Population'!I18 -> 2782 | ... CY9: ='2 Resident Population'!CY18 -> 37
A10: =_xlfn.CONCAT('2 Resident Population'!B1,".",'2 Resident Population'!A19) -> Resident Population.resident population[Indian, female, age] | B10: ='2 Resident Population'!B19 -> 0 | C10: ='2 Resident Population'!C19 -> 1480 | D10: ='2 Resident Population'!D19 -> 2274 | E10: ='2 Resident Population'!E19 -> 2812 | F10: ='2 Resident Population'!F19 -> 2888 | G10: ='2 Resident Population'!G19 -> 2855 | H10: ='2 Resident Population'!H19 -> 2812 | I10: ='2 Resident Population'!I19 -> 2697 | ... CY10: ='2 Resident Population'!CY19 -> 7
A11: =_xlfn.CONCAT('2 Resident Population'!B1,".",'2 Resident Population'!A20) -> Resident Population.resident population[Other, male, age] | B11: ='2 Resident Population'!B20 -> 0 | C11: ='2 Resident Population'!C20 -> 540 | D11: ='2 Resident Population'!D20 -> 945 | E11: ='2 Resident Population'!E20 -> 1052 | F11: ='2 Resident Population'!F20 -> 1066 | G11: ='2 Resident Population'!G20 -> 986 | H11: ='2 Resident Population'!H20 -> 1046 | I11: ='2 Resident Population'!I20 -> 1076 | ... CY11: ='2 Resident Population'!CY20 -> 6
A12: =_xlfn.CONCAT('2 Resident Population'!B1,".",'2 Resident Population'!A21) -> Resident Population.resident population[Other, female, age] | B12: ='2 Resident Population'!B21 -> 0 | C12: ='2 Resident Population'!C21 -> 524 | D12: ='2 Resident Population'!D21 -> 1047 | E12: ='2 Resident Population'!E21 -> 1118 | F12: ='2 Resident Population'!F21 -> 1105 | G12: ='2 Resident Population'!G21 -> 1108 | H12: ='2 Resident Population'!H21 -> 1098 | I12: ='2 Resident Population'!I21 -> 1063 | ... CY12: ='2 Resident Population'!CY21 -> 3
A13: =_xlfn.CONCAT('2 Resident Population'!B1,".",'2 Resident Population'!A24) -> Resident Population.net migration rate[Chinese, male, age] | B13: ='2 Resident Population'!B24 -> 0 | C13: ='2 Resident Population'!C24 -> 0.0059 | D13: ='2 Resident Population'!D24 -> 0.0059 | E13: ='2 Resident Population'!E24 -> 0.0059 | F13: ='2 Resident Population'!F24 -> 0.0059 | G13: ='2 Resident Population'!G24 -> 0.0059 | H13: ='2 Resident Population'!H24 -> 0.0059 | I13: ='2 Resident Population'!I24 -> 0.0059 | ... CY13: ='2 Resident Population'!CY24 -> 0
A14: =_xlfn.CONCAT('2 Resident Population'!B1,".",'2 Resident Population'!A25) -> Resident Population.net migration rate[Chinese, female, age] | B14: ='2 Resident Population'!B25 -> 0 | C14: ='2 Resident Population'!C25 -> 0.0059 | D14: ='2 Resident Population'!D25 -> 0.0059 | E14: ='2 Resident Population'!E25 -> 0.0059 | F14: ='2 Resident Population'!F25 -> 0.0059 | G14: ='2 Resident Population'!G25 -> 0.0059 | H14: ='2 Resident Population'!H25 -> 0.0059 | I14: ='2 Resident Population'!I25 -> 0.0059 | ... CY14: ='2 Resident Population'!CY25 -> 0
A15: =_xlfn.CONCAT('2 Resident Population'!B1,".",'2 Resident Population'!A26) -> Resident Population.net migration rate[Malay, male, age] | B15: ='2 Resident Population'!B26 -> 0 | C15: ='2 Resident Population'!C26 -> 0.0059 | D15: ='2 Resident Population'!D26 -> 0.0059 | E15: ='2 Resident Population'!E26 -> 0.0059 | F15: ='2 Resident Population'!F26 -> 0.0059 | G15: ='2 Resident Population'!G26 -> 0.0059 | H15: ='2 Resident Population'!H26 -> 0.0059 | I15: ='2 Resident Population'!I26 -> 0.0059 | ... CY15: ='2 Resident Population'!CY26 -> 0
A16: =_xlfn.CONCAT('2 Resident Population'!B1,".",'2 Resident Population'!A27) -> Resident Population.net migration rate[Malay, female, age] | B16: ='2 Resident Population'!B27 -> 0 | C16: ='2 Resident Population'!C27 -> 0.0059 | D16: ='2 Resident Population'!D27 -> 0.0059 | E16: ='2 Resident Population'!E27 -> 0.0059 | F16: ='2 Resident Population'!F27 -> 0.0059 | G16: ='2 Resident Population'!G27 -> 0.0059 | H16: ='2 Resident Population'!H27 -> 0.0059 | I16: ='2 Resident Population'!I27 -> 0.0059 | ... CY16: ='2 Resident Population'!CY27 -> 0
A17: =_xlfn.CONCAT('2 Resident Population'!B1,".",'2 Resident Population'!A28) -> Resident Population.net migration rate[Indian, male, age] | B17: ='2 Resident Population'!B28 -> 0 | C17: ='2 Resident Population'!C28 -> 0.0059 | D17: ='2 Resident Population'!D28 -> 0.0059 | E17: ='2 Resident Population'!E28 -> 0.0059 | F17: ='2 Resident Population'!F28 -> 0.0059 | G17: ='2 Resident Population'!G28 -> 0.0059 | H17: ='2 Resident Population'!H28 -> 0.0059 | I17: ='2 Resident Population'!I28 -> 0.0059 | ... CY17: ='2 Resident Population'!CY28 -> 0
A18: =_xlfn.CONCAT('2 Resident Population'!B1,".",'2 Resident Population'!A29) -> Resident Population.net migration rate[Indian, female, age] | B18: ='2 Resident Population'!B29 -> 0 | C18: ='2 Resident Population'!C29 -> 0.0059 | D18: ='2 Resident Population'!D29 -> 0.0059 | E18: ='2 Resident Population'!E29 -> 0.0059 | F18: ='2 Resident Population'!F29 -> 0.0059 | G18: ='2 Resident Population'!G29 -> 0.0059 | H18: ='2 Resident Population'!H29 -> 0.0059 | I18: ='2 Resident Population'!I29 -> 0.0059 | ... CY18: ='2 Resident Population'!CY29 -> 0
A19: =_xlfn.CONCAT('2 Resident Population'!B1,".",'2 Resident Population'!A30) -> Resident Population.net migration rate[Other, male, age] | B19: ='2 Resident Population'!B30 -> 0 | C19: ='2 Resident Population'!C30 -> 0.0059 | D19: ='2 Resident Population'!D30 -> 0.0059 | E19: ='2 Resident Population'!E30 -> 0.0059 | F19: ='2 Resident Population'!F30 -> 0.0059 | G19: ='2 Resident Population'!G30 -> 0.0059 | H19: ='2 Resident Population'!H30 -> 0.0059 | I19: ='2 Resident Population'!I30 -> 0.0059 | ... CY19: ='2 Resident Population'!CY30 -> 0
A20: =_xlfn.CONCAT('2 Resident Population'!B1,".",'2 Resident Population'!A31) -> Resident Population.net migration rate[Other, female, age] | B20: ='2 Resident Population'!B31 -> 0 | C20: ='2 Resident Population'!C31 -> 0.0059 | D20: ='2 Resident Population'!D31 -> 0.0059 | E20: ='2 Resident Population'!E31 -> 0.0059 | F20: ='2 Resident Population'!F31 -> 0.0059 | G20: ='2 Resident Population'!G31 -> 0.0059 | H20: ='2 Resident Population'!H31 -> 0.0059 | I20: ='2 Resident Population'!I31 -> 0.0059 | ... CY20: ='2 Resident Population'!CY31 -> 0
A21: ='3. Frail population'!A3 -> Frail Population.age as a number[age] | B21: ='3. Frail population'!B3 -> 0 | C21: ='3. Frail population'!C3 -> 0 | D21: ='3. Frail population'!D3 -> 1 | E21: ='3. Frail population'!E3 -> 2 | F21: ='3. Frail population'!F3 -> 3 | G21: ='3. Frail population'!G3 -> 4 | H21: ='3. Frail population'!H3 -> 5 | ... CY21: ='3. Frail population'!CY3 -> 100
A22: ='3. Frail population'!A6 -> Frail Population.frail diagnosed[Chinese, male, age] | B22: ='3. Frail population'!B6 -> 0 | C22: ='3. Frail population'!C6 -> 0 | D22: ='3. Frail population'!D6 -> 0 | E22: ='3. Frail population'!E6 -> 0 | F22: ='3. Frail population'!F6 -> 0 | G22: ='3. Frail population'!G6 -> 0 | H22: ='3. Frail population'!H6 -> 0 | ... CY22: ='3. Frail population'!CY6 -> 0
A23: ='3. Frail population'!A7 -> Frail Population.frail diagnosed[Chinese, female, age] | B23: ='3. Frail population'!B7 -> 0 | C23: ='3. Frail population'!C7 -> 0 | D23: ='3. Frail population'!D7 -> 0 | E23: ='3. Frail population'!E7 -> 0 | F23: ='3. Frail population'!F7 -> 0 | G23: ='3. Frail population'!G7 -> 0 | H23: ='3. Frail population'!H7 -> 0 | ... CY23: ='3. Frail population'!CY7 -> 0
A24: ='3. Frail population'!A8 -> Frail Population.frail diagnosed[Malay, male, age] | B24: ='3. Frail population'!B8 -> 0 | C24: ='3. Frail population'!C8 -> 0 | D24: ='3. Frail population'!D8 -> 0 | E24: ='3. Frail population'!E8 -> 0 | F24: ='3. Frail population'!F8 -> 0 | G24: ='3. Frail population'!G8 -> 0 | H24: ='3. Frail population'!H8 -> 0 | ... CY24: ='3. Frail population'!CY8 -> 0
A25: ='3. Frail population'!A9 -> Frail Population.frail diagnosed[Malay, female, age] | B25: ='3. Frail population'!B9 -> 0 | C25: ='3. Frail population'!C9 -> 0 | D25: ='3. Frail population'!D9 -> 0 | E25: ='3. Frail population'!E9 -> 0 | F25: ='3. Frail population'!F9 -> 0 | G25: ='3. Frail population'!G9 -> 0 | H25: ='3. Frail population'!H9 -> 0 | ... CY25: ='3. Frail population'!CY9 -> 0
A26: ='3. Frail population'!A10 -> Frail Population.frail diagnosed[Indian, male, age] | B26: ='3. Frail population'!B10 -> 0 | C26: ='3. Frail population'!C10 -> 0 | D26: ='3. Frail population'!D10 -> 0 | E26: ='3. Frail population'!E10 -> 0 | F26: ='3. Frail population'!F10 -> 0 | G26: ='3. Frail population'!G10 -> 0 | H26: ='3. Frail population'!H10 -> 0 | ... CY26: ='3. Frail population'!CY10 -> 0
A27: ='3. Frail population'!A11 -> Frail Population.frail diagnosed[Indian, female, age] | B27: ='3. Frail population'!B11 -> 0 | C27: ='3. Frail population'!C11 -> 0 | D27: ='3. Frail population'!D11 -> 0 | E27: ='3. Frail population'!E11 -> 0 | F27: ='3. Frail population'!F11 -> 0 | G27: ='3. Frail population'!G11 -> 0 | H27: ='3. Frail population'!H11 -> 0 | ... CY27: ='3. Frail population'!CY11 -> 0
A28: ='3. Frail population'!A12 -> Frail Population.frail diagnosed[Other, male, age] | B28: ='3. Frail population'!B12 -> 0 | C28: ='3. Frail population'!C12 -> 0 | D28: ='3. Frail population'!D12 -> 0 | E28: ='3. Frail population'!E12 -> 0 | F28: ='3. Frail population'!F12 -> 0 | G28: ='3. Frail population'!G12 -> 0 | H28: ='3. Frail population'!H12 -> 0 | ... CY28: ='3. Frail population'!CY12 -> 0
A29: ='3. Frail population'!A13 -> Frail Population.frail diagnosed[Other, female, age] | B29: ='3. Frail population'!B13 -> 0 | C29: ='3. Frail population'!C13 -> 0 | D29: ='3. Frail population'!D13 -> 0 | E29: ='3. Frail population'!E13 -> 0 | F29: ='3. Frail population'!F13 -> 0 | G29: ='3. Frail population'!G13 -> 0 | H29: ='3. Frail population'!H13 -> 0 | ... CY29: ='3. Frail population'!CY13 -> 0
A30: ='3. Frail population'!A14 -> Frail Population.pre-frail diagnosed[Chinese, male, age] | B30: ='3. Frail population'!B14 -> 0 | C30: ='3. Frail population'!C14 -> 0 | D30: ='3. Frail population'!D14 -> 0 | E30: ='3. Frail population'!E14 -> 0 | F30: ='3. Frail population'!F14 -> 0 | G30: ='3. Frail population'!G14 -> 0 | H30: ='3. Frail population'!H14 -> 0 | ... CY30: ='3. Frail population'!CY14 -> 0
A31: ='3. Frail population'!A15 -> Frail Population.pre-frail diagnosed[Chinese, female, age] | B31: ='3. Frail population'!B15 -> 0 | C31: ='3. Frail population'!C15 -> 0 | D31: ='3. Frail population'!D15 -> 0 | E31: ='3. Frail population'!E15 -> 0 | F31: ='3. Frail population'!F15 -> 0 | G31: ='3. Frail population'!G15 -> 0 | H31: ='3. Frail population'!H15 -> 0 | ... CY31: ='3. Frail population'!CY15 -> 0
A32: ='3. Frail population'!A16 -> Frail Population.pre-frail diagnosed[Malay, male, age] | B32: ='3. Frail population'!B16 -> 0 | C32: ='3. Frail population'!C16 -> 0 | D32: ='3. Frail population'!D16 -> 0 | E32: ='3. Frail population'!E16 -> 0 | F32: ='3. Frail population'!F16 -> 0 | G32: ='3. Frail population'!G16 -> 0 | H32: ='3. Frail population'!H16 -> 0 | ... CY32: ='3. Frail population'!CY16 -> 0
A33: ='3. Frail population'!A17 -> Frail Population.pre-frail diagnosed[Malay, female, age] | B33: ='3. Frail population'!B17 -> 0 | C33: ='3. Frail population'!C17 -> 0 | D33: ='3. Frail population'!D17 -> 0 | E33: ='3. Frail population'!E17 -> 0 | F33: ='3. Frail population'!F17 -> 0 | G33: ='3. Frail population'!G17 -> 0 | H33: ='3. Frail population'!H17 -> 0 | ... CY33: ='3. Frail population'!CY17 -> 0
... A37: ='3. Frail population'!A21 -> Frail Population.pre-frail diagnosed[Other, female, age] | B37: ='3. Frail population'!B21 -> 0 | C37: ='3. Frail population'!C21 -> 0 | D37: ='3. Frail population'!D21 -> 0 | E37: ='3. Frail population'!E21 -> 0 | F37: ='3. Frail population'!F21 -> 0 | G37: ='3. Frail population'!G21 -> 0 | H37: ='3. Frail population'!H21 -> 0 | ... CY37: ='3. Frail population'!CY21 -> 0
A38: ='3. Frail population'!A24 -> Frail Population.initial frailty prevalence[Chinese, male, age] | B38: ='3. Frail population'!B24 -> 0 | C38: ='3. Frail population'!C24 -> 0 | D38: ='3. Frail population'!D24 -> 0 | E38: ='3. Frail population'!E24 -> 0 | F38: ='3. Frail population'!F24 -> 0 | G38: ='3. Frail population'!G24 -> 0 | H38: ='3. Frail population'!H24 -> 0 | ... CY38: ='3. Frail population'!CY24 -> 0.25780987
A39: ='3. Frail population'!A25 -> Frail Population.initial frailty prevalence[Chinese, female, age] | B39: ='3. Frail population'!B25 -> 0 | C39: ='3. Frail population'!C25 -> 0 | D39: ='3. Frail population'!D25 -> 0 | E39: ='3. Frail population'!E25 -> 0 | F39: ='3. Frail population'!F25 -> 0 | G39: ='3. Frail population'!G25 -> 0 | H39: ='3. Frail population'!H25 -> 0 | ... CY39: ='3. Frail population'!CY25 -> 0.25222712
A40: ='3. Frail population'!A26 -> Frail Population.initial frailty prevalence[Malay, male, age] | B40: ='3. Frail population'!B26 -> 0 | C40: ='3. Frail population'!C26 -> 0 | D40: ='3. Frail population'!D26 -> 0 | E40: ='3. Frail population'!E26 -> 0 | F40: ='3. Frail population'!F26 -> 0 | G40: ='3. Frail population'!G26 -> 0 | H40: ='3. Frail population'!H26 -> 0 | ... CY40: ='3. Frail population'!CY26 -> 0.27895342
A41: ='3. Frail population'!A27 -> Frail Population.initial frailty prevalence[Malay, female, age] | B41: ='3. Frail population'!B27 -> 0 | C41: ='3. Frail population'!C27 -> 0 | D41: ='3. Frail population'!D27 -> 0 | E41: ='3. Frail population'!E27 -> 0 | F41: ='3. Frail population'!F27 -> 0 | G41: ='3. Frail population'!G27 -> 0 | H41: ='3. Frail population'!H27 -> 0 | ... CY41: ='3. Frail population'!CY27 -> 0.26823531
A42: ='3. Frail population'!A28 -> Frail Population.initial frailty prevalence[Indian, male, age] | B42: ='3. Frail population'!B28 -> 0 | C42: ='3. Frail population'!C28 -> 0 | D42: ='3. Frail population'!D28 -> 0 | E42: ='3. Frail population'!E28 -> 0 | F42: ='3. Frail population'!F28 -> 0 | G42: ='3. Frail population'!G28 -> 0 | H42: ='3. Frail population'!H28 -> 0 | ... CY42: ='3. Frail population'!CY28 -> 0.28611671
A43: ='3. Frail population'!A29 -> Frail Population.initial frailty prevalence[Indian, female, age] | B43: ='3. Frail population'!B29 -> 0 | C43: ='3. Frail population'!C29 -> 0 | D43: ='3. Frail population'!D29 -> 0 | E43: ='3. Frail population'!E29 -> 0 | F43: ='3. Frail population'!F29 -> 0 | G43: ='3. Frail population'!G29 -> 0 | H43: ='3. Frail population'!H29 -> 0 | ... CY43: ='3. Frail population'!CY29 -> 0.27730361
A44: ='3. Frail population'!A30 -> Frail Population.initial frailty prevalence[Other, male, age] | B44: ='3. Frail population'!B30 -> 0 | C44: ='3. Frail population'!C30 -> 0 | D44: ='3. Frail population'!D30 -> 0 | E44: ='3. Frail population'!E30 -> 0 | F44: ='3. Frail population'!F30 -> 0 | G44: ='3. Frail population'!G30 -> 0 | H44: ='3. Frail population'!H30 -> 0 | ... CY44: ='3. Frail population'!CY30 -> 0.32372303
A45: ='3. Frail population'!A31 -> Frail Population.initial frailty prevalence[Other, female, age] | B45: ='3. Frail population'!B31 -> 0 | C45: ='3. Frail population'!C31 -> 0 | D45: ='3. Frail population'!D31 -> 0 | E45: ='3. Frail population'!E31 -> 0 | F45: ='3. Frail population'!F31 -> 0 | G45: ='3. Frail population'!G31 -> 0 | H45: ='3. Frail population'!H31 -> 0 | ... CY45: ='3. Frail population'!CY31 -> 0.32027894
A46: ='3. Frail population'!A32 -> Frail Population.Initial prefrailty prevalance[Chinese, male, age] | B46: ='3. Frail population'!B32 -> 0 | C46: ='3. Frail population'!C32 -> 0 | D46: ='3. Frail population'!D32 -> 0 | E46: ='3. Frail population'!E32 -> 0 | F46: ='3. Frail population'!F32 -> 0 | G46: ='3. Frail population'!G32 -> 0 | H46: ='3. Frail population'!H32 -> 0 | ... CY46: ='3. Frail population'!CY32 -> 0.49650418
A47: ='3. Frail population'!A33 -> Frail Population.Initial prefrailty prevalance[Chinese, female, age] | B47: ='3. Frail population'!B33 -> 0 | C47: ='3. Frail population'!C33 -> 0 | D47: ='3. Frail population'!D33 -> 0 | E47: ='3. Frail population'!E33 -> 0 | F47: ='3. Frail population'!F33 -> 0 | G47: ='3. Frail population'!G33 -> 0 | H47: ='3. Frail population'!H33 -> 0 | ... CY47: ='3. Frail population'!CY33 -> 0.54832431
A48: ='3. Frail population'!A34 -> Frail Population.Initial prefrailty prevalance[Malay, male, age] | B48: ='3. Frail population'!B34 -> 0 | C48: ='3. Frail population'!C34 -> 0 | D48: ='3. Frail population'!D34 -> 0 | E48: ='3. Frail population'!E34 -> 0 | F48: ='3. Frail population'!F34 -> 0 | G48: ='3. Frail population'!G34 -> 0 | H48: ='3. Frail population'!H34 -> 0 | ... CY48: ='3. Frail population'!CY34 -> 0.54407203
A49: ='3. Frail population'!A35 -> Frail Population.Initial prefrailty prevalance[Malay, female, age] | B49: ='3. Frail population'!B35 -> 0 | C49: ='3. Frail population'!C35 -> 0 | D49: ='3. Frail population'!D35 -> 0 | E49: ='3. Frail population'!E35 -> 0 | F49: ='3. Frail population'!F35 -> 0 | G49: ='3. Frail population'!G35 -> 0 | H49: ='3. Frail population'!H35 -> 0 | ... CY49: ='3. Frail population'!CY35 -> 0.59055861
... A53: ='3. Frail population'!A39 -> Frail Population.Initial prefrailty prevalance[Other, female, age] | B53: ='3. Frail population'!B39 -> 0 | C53: ='3. Frail population'!C39 -> 0 | D53: ='3. Frail population'!D39 -> 0 | E53: ='3. Frail population'!E39 -> 0 | F53: ='3. Frail population'!F39 -> 0 | G53: ='3. Frail population'!G39 -> 0 | H53: ='3. Frail population'!H39 -> 0 | ... CY53: ='3. Frail population'!CY39 -> 0.47009343
A54: ='3. Frail population'!A42 -> Frail Population.relative risk mortality pre-frail diagnosed | B54: ='3. Frail population'!B42 -> 1.58
A55: ='3. Frail population'!A43 -> Frail Population.multiplying factor for mortality of frail people | B55: ='3. Frail population'!B43 -> 1.44
A56: ='3. Frail population'!A46 -> Frail Population.RR of transition for well managed | B56: ='3. Frail population'!B46 -> 0.46
A57: ='3. Frail population'!A47 -> Frail Population.proportion well managed | B57: ='3. Frail population'!B47 -> 0.7
A58: ='4. Frailty screening'!A2 -> Screening.screening cap opportunistic | B58: ='4. Frailty screening'!B2 -> 10000
A59: ='4. Frailty screening'!A3 -> Screening.screening cap universal | B59: ='4. Frailty screening'!B3 -> 50000
A60: ='4. Frailty screening'!A4 -> Screening.screening sensitivity | B60: ='4. Frailty screening'!B4 -> 0.75
A61: ='4. Frailty screening'!A5 -> Screening.screening specificity | B61: ='4. Frailty screening'!B5 -> 0.75
A62: ='4. Frailty screening'!A6 -> Screening.screening threshold age | B62: ='4. Frailty screening'!B6 -> 70
A63: ='3. Frail population'!A58 -> Frail Population.frailty start age | B63: ='3. Frail population'!B58 -> 50
A64: ='3. Frail population'!A51 -> Frail Population.raw incidence rate pre-frail to frail[male, age] | B64: ='3. Frail population'!B51 -> 0 | C64: ='3. Frail population'!C51 -> 0 | D64: ='3. Frail population'!D51 -> 0 | E64: ='3. Frail population'!E51 -> 0 | F64: ='3. Frail population'!F51 -> 0 | G64: ='3. Frail population'!G51 -> 0 | H64: ='3. Frail population'!H51 -> 0 | ... CY64: ='3. Frail population'!CY51 -> 0.15509617
A65: ='3. Frail population'!A52 -> Frail Population.raw incidence rate pre-frail to frail[female, age] | B65: ='3. Frail population'!B52 -> 0 | C65: ='3. Frail population'!C52 -> 0 | D65: ='3. Frail population'!D52 -> 0 | E65: ='3. Frail population'!E52 -> 0 | F65: ='3. Frail population'!F52 -> 0 | G65: ='3. Frail population'!G52 -> 0 | H65: ='3. Frail population'!H52 -> 0 | ... CY65: ='3. Frail population'!CY52 -> 0.1458711
A66: ='3. Frail population'!A53 -> Frail Population.raw incidence rate robust to pre-frail[male, age] | B66: ='3. Frail population'!B53 -> 0 | C66: ='3. Frail population'!C53 -> 0 | D66: ='3. Frail population'!D53 -> 0 | E66: ='3. Frail population'!E53 -> 0 | F66: ='3. Frail population'!F53 -> 0 | G66: ='3. Frail population'!G53 -> 0 | H66: ='3. Frail population'!H53 -> 0 | ... CY66: ='3. Frail population'!CY53 -> 0.24954089
A67: ='3. Frail population'!A54 -> Frail Population.raw incidence rate robust to pre-frail[female, age] | B67: ='3. Frail population'!B54 -> 0 | C67: ='3. Frail population'!C54 -> 0 | D67: ='3. Frail population'!D54 -> 0 | E67: ='3. Frail population'!E54 -> 0 | F67: ='3. Frail population'!F54 -> 0 | G67: ='3. Frail population'!G54 -> 0 | H67: ='3. Frail population'!H54 -> 0 | ... CY67: ='3. Frail population'!CY54 -> 0.23883719

Sheet 2. Time_series_do_not_edit
A1: ='2 Resident Population'!A38 -> Time | B1: ='2 Resident Population'!B38 -> 2010 | C1: ='2 Resident Population'!C38 -> 2011 | D1: ='2 Resident Population'!D38 -> 2012 | E1: ='2 Resident Population'!E38 -> 2013 | F1: ='2 Resident Population'!F38 -> 2014 | G1: ='2 Resident Population'!G38 -> 2015 | H1: ='2 Resident Population'!H38 -> 2016 | ... AP1: ='2 Resident Population'!AP38 -> 2050
A2: ='2 Resident Population'!A39 -> Resident Population.census total resident population | B2: ='2 Resident Population'!B39 -> 3771721 | C2: ='2 Resident Population'!C39 -> 3789251 | D2: ='2 Resident Population'!D39 -> 3818205 | E2: ='2 Resident Population'!E39 -> 3844751 | F2: ='2 Resident Population'!F39 -> 3870739 | G2: ='2 Resident Population'!G39 -> 3902690 | H2: ='2 Resident Population'!H39 -> 3933559 | ... AF2: ='2 Resident Population'!AF39 -> 4422600 | AG2: 0 | AH2: 0 | AI2: ='2 Resident Population'!AI39 -> 0 | AJ2: ='2 Resident Population'!AJ39 -> 0 | AK2: ='2 Resident Population'!AK39 -> 0 | AL2: ='2 Resident Population'!AL39 -> 0 | AM2: ='2 Resident Population'!AM39 -> 0 | AN2: ='2 Resident Population'!AN39 -> 0 | AO2: ='2 Resident Population'!AO39 -> 0 | AP2: ='2 Resident Population'!AP39 -> 0
A3: ='2 Resident Population'!A40 -> Resident Population.census males per thousand females | B3: ='2 Resident Population'!B40 -> 974 | C3: ='2 Resident Population'!C40 -> 972 | D3: ='2 Resident Population'!D40 -> 970 | E3: ='2 Resident Population'!E40 -> 968 | F3: ='2 Resident Population'!F40 -> 967 | G3: ='2 Resident Population'!G40 -> 965 | H3: ='2 Resident Population'!H40 -> 963 | ... AP3: ='2 Resident Population'!AP40 -> 0
A4: ='2 Resident Population'!A41 -> Resident Population.census OADR | B4: ='2 Resident Population'!B41 -> 8.2 | C4: ='2 Resident Population'!C41 -> 7.9 | D4: ='2 Resident Population'!D41 -> 7.4 | E4: ='2 Resident Population'!E41 -> 7 | F4: ='2 Resident Population'!F41 -> 6.6 | G4: ='2 Resident Population'!G41 -> 6.2 | H4: ='2 Resident Population'!H41 -> 5.8 | ... AP4: ='2 Resident Population'!AP41 -> 0

Sheet 2 Resident Population
A1: Module name | B1: Resident Population
A2: ASMR and fertility rates are per 1000
B3: NewBorn | C3: Age00 | D3: Age01 | E3: Age02 | F3: Age03 | G3: Age04 | H3: Age05 | I3: Age06 | J3: Age07 | K3: Age08 | L3: Age09 | M3: Age10 | N3: Age11 | O3: Age12 | P3: Age13 | Q3: Age14 | R3: Age15 | S3: Age16 | T3: Age17 | U3: Age18 | V3: Age19 | W3: Age20 | X3: Age21 | Y3: Age22 | Z3: Age23 | AA3: Age24 | AB3: Age25 | AC3: Age26 | AD3: Age27 | AE3: Age28 | AF3: Age29 | AG3: Age30 | AH3: Age31 | AI3: Age32 | AJ3: Age33 | AK3: Age34 | AL3: Age35 | AM3: Age36 | AN3: Age37 | AO3: Age38 | AP3: Age39 | AQ3: Age40 | AR3: Age41 | AS3: Age42 | AT3: Age43 | AU3: Age44 | AV3: Age45 | AW3: Age46 | AX3: Age47 | AY3: Age48 | AZ3: Age49 | BA3: Age50 | BB3: Age51 | BC3: Age52 | BD3: Age53 | BE3: Age54 | BF3: Age55 | BG3: Age56 | BH3: Age57 | BI3: Age58 | BJ3: Age59 | BK3: Age60 | BL3: Age61 | BM3: Age62 | BN3: Age63 | BO3: Age64 | BP3: Age65 | BQ3: Age66 | BR3: Age67 | BS3: Age68 | BT3: Age69 | BU3: Age70 | BV3: Age71 | BW3: Age72 | BX3: Age73 | BY3: Age74 | BZ3: Age75 | CA3: Age76 | CB3: Age77 | CC3: Age78 | CD3: Age79 | CE3: Age80 | CF3: Age81 | CG3: Age82 | CH3: Age83 | CI3: Age84 | CJ3: Age85 | CK3: Age86 | CL3: Age87 | CM3: Age88 | CN3: Age89 | CO3: Age90 | CP3: Age91 | CQ3: Age92 | CR3: Age93 | CS3: Age94 | CT3: Age95 | CU3: Age96 | CV3: Age97 | CW3: Age98 | CX3: Age99 | CY3: Age100and Over
A4: age-specific baseline mortality rate[male, age] | B4: =C4 -> 1.99375 | C4: 1.99375 | D4: 0.14375 | E4: 0.14375 | F4: 0.14375 | G4: 0.14375 | H4: 0.1 | I4: 0.1 | J4: 0.1 | K4: 0.1 | L4: 0.1 | M4: 0.12857143 | N4: 0.12857143 | O4: 0.12857143 | P4: 0.12857143 | Q4: 0.12857143 | R4: 0.24375 | S4: 0.24375 | T4: 0.24375 | U4: 0.24375 | V4: 0.24375 | W4: 0.375 | X4: 0.375 | Y4: 0.375 | Z4: 0.375 | AA4: 0.375 | AB4: 0.38125 | AC4: 0.38125 | AD4: 0.38125 | AE4: 0.38125 | AF4: 0.38125 | AG4: 0.4625 | AH4: 0.4625 | AI4: 0.4625 | AJ4: 0.4625 | AK4: 0.4625 | AL4: 0.65 | AM4: 0.65 | AN4: 0.65 | AO4: 0.65 | AP4: 0.65 | AQ4: 1.075 | AR4: 1.075 | AS4: 1.075 | AT4: 1.075 | AU4: 1.075 | AV4: 1.8125 | AW4: 1.8125 | AX4: 1.8125 | AY4: 1.8125 | AZ4: 1.8125 | BA4: 3.04375 | BB4: 3.04375 | BC4: 3.04375 | BD4: 3.04375 | BE4: 3.04375 | BF4: 5.13125 | BG4: 5.13125 | BH4: 5.13125 | BI4: 5.13125 | BJ4: 5.13125 | BK4: 8.34375 | BL4: 8.34375 | BM4: 8.34375 | BN4: 8.34375 | BO4: 8.34375 | BP4: 13.56875 | BQ4: 13.56875 | BR4: 13.56875 | BS4: 13.56875 | BT4: 13.56875 | BU4: 22.76875 | BV4: 22.76875 | BW4: 22.76875 | BX4: 22.76875 | BY4: 22.76875 | BZ4: 38.46875 | CA4: 38.46875 | CB4: 38.46875 | CC4: 38.46875 | CD4: 38.46875 | CE4: 66.38125 | CF4: 66.38125 | CG4: 66.38125 | CH4: 66.38125 | CI4: 66.38125 | CJ4: 110.475 | CK4: 110.475 | CL4: 110.475 | CM4: 110.475 | CN4: 110.475 | CO4: 173.4125 | CP4: 173.4125 | CQ4: 173.4125 | CR4: 173.4125 | CS4: 173.4125 | CT4: 173.4125 | CU4: 173.4125 | CV4: 173.4125 | CW4: 173.4125 | CX4: 173.4125 | CY4: 173.4125
A5: age-specific baseline mortality rate[female, age] | B5: =C5 -> 1.9375 | C5: 1.9375 | D5: 0.11333333 | E5: 0.11333333 | F5: 0.11333333 | G5: 0.11333333 | H5: 0.1 | I5: 0.1 | J5: 0.1 | K5: 0.1 | L5: 0.1 | M5: 0.1 | N5: 0.1 | O5: 0.1 | P5: 0.1 | Q5: 0.1 | R5: 0.1625 | S5: 0.1625 | T5: 0.1625 | U5: 0.1625 | V5: 0.1625 | W5: 0.175 | X5: 0.175 | Y5: 0.175 | Z5: 0.175 | AA5: 0.175 | AB5: 0.18125 | AC5: 0.18125 | AD5: 0.18125 | AE5: 0.18125 | AF5: 0.18125 | AG5: 0.2625 | AH5: 0.2625 | AI5: 0.2625 | AJ5: 0.2625 | AK5: 0.2625 | AL5: 0.39375 | AM5: 0.39375 | AN5: 0.39375 | AO5: 0.39375 | AP5: 0.39375 | AQ5: 0.63125 | AR5: 0.63125 | AS5: 0.63125 | AT5: 0.63125 | AU5: 0.63125 | AV5: 1.08125 | AW5: 1.08125 | AX5: 1.08125 | AY5: 1.08125 | AZ5: 1.08125 | BA5: 1.80625 | BB5: 1.80625 | BC5: 1.80625 | BD5: 1.80625 | BE5: 1.80625 | BF5: 2.85625 | BG5: 2.85625 | BH5: 2.85625 | BI5: 2.85625 | BJ5: 2.85625 | BK5: 4.4375 | BL5: 4.4375 | BM5: 4.4375 | BN5: 4.4375 | BO5: 4.4375 | BP5: 7.2 | BQ5: 7.2 | BR5: 7.2 | BS5: 7.2 | BT5: 7.2 | BU5: 12.15 | BV5: 12.15 | BW5: 12.15 | BX5: 12.15 | BY5: 12.15 | BZ5: 22.90625 | CA5: 22.90625 | CB5: 22.90625 | CC5: 22.90625 | CD5: 22.90625 | CE5: 43.20625 | CF5: 43.20625 | CG5: 43.20625 | CH5: 43.20625 | CI5: 43.20625 | CJ5: 78.55 | CK5: 78.55 | CL5: 78.55 | CM5: 78.55 | CN5: 78.55 | CO5: 154.11875 | CP5: 154.11875 | CQ5: 154.11875 | CR5: 154.11875 | CS5: 154.11875 | CT5: 154.11875 | CU5: 154.11875 | CV5: 154.11875 | CW5: 154.11875 | CX5: 154.11875 | CY5: 154.11875
A8: fertility rate[age] | B8: 0 | C8: 0 | D8: 0 | E8: 0 | F8: 0 | G8: 0 | H8: 0 | I8: 0 | J8: 0 | K8: 0 | L8: 0 | M8: 0 | N8: 0 | O8: 0 | P8: 0 | Q8: 0 | R8: 2.89375 | S8: 2.89375 | T8: 2.89375 | U8: 2.89375 | V8: 2.89375 | W8: 15.60625 | X8: 15.60625 | Y8: 15.60625 | Z8: 15.60625 | AA8: 15.60625 | AB8: 59.85625 | AC8: 59.85625 | AD8: 59.85625 | AE8: 59.85625 | AF8: 59.85625 | AG8: 89.74375 | AH8: 89.74375 | AI8: 89.74375 | AJ8: 89.74375 | AK8: 89.74375 | AL8: 47.90625 | AM8: 47.90625 | AN8: 47.90625 | AO8: 47.90625 | AP8: 47.90625 | AQ8: 8.8625 | AR8: 8.8625 | AS8: 8.8625 | AT8: 8.8625 | AU8: 8.8625 | AV8: 0.4125 | AW8: 0.4125 | AX8: 0.4125 | AY8: 0.4125 | AZ8: 0.4125 | BA8: 0 | BB8: 0 | BC8: 0 | BD8: 0 | BE8: 0 | BF8: 0 | BG8: 0 | BH8: 0 | BI8: 0 | BJ8: 0 | BK8: 0 | BL8: 0 | BM8: 0 | BN8: 0 | BO8: 0 | BP8: 0 | BQ8: 0 | BR8: 0 | BS8: 0 | BT8: 0 | BU8: 0 | BV8: 0 | BW8: 0 | BX8: 0 | BY8: 0 | BZ8: 0 | CA8: 0 | CB8: 0 | CC8: 0 | CD8: 0 | CE8: 0 | CF8: 0 | CG8: 0 | CH8: 0 | CI8: 0 | CJ8: 0 | CK8: 0 | CL8: 0 | CM8: 0 | CN8: 0 | CO8: 0 | CP8: 0 | CQ8: 0 | CR8: 0 | CS8: 0 | CT8: 0 | CU8: 0 | CV8: 0 | CW8: 0 | CX8: 0 | CY8: 0
B10: Male | C10: Female
A11: gender proportion of babies[gender] | B11: 0.48 | C11: 0.52
A13: Resident population initial values | B13: NewBorn | C13: Age00 | D13: Age01 | E13: Age02 | F13: Age03 | G13: Age04 | H13: Age05 | I13: Age06 | J13: Age07 | K13: Age08 | L13: Age09 | M13: Age10 | N13: Age11 | O13: Age12 | P13: Age13 | Q13: Age14 | R13: Age15 | S13: Age16 | T13: Age17 | U13: Age18 | V13: Age19 | W13: Age20 | X13: Age21 | Y13: Age22 | Z13: Age23 | AA13: Age24 | AB13: Age25 | AC13: Age26 | AD13: Age27 | AE13: Age28 | AF13: Age29 | AG13: Age30 | AH13: Age31 | AI13: Age32 | AJ13: Age33 | AK13: Age34 | AL13: Age35 | AM13: Age36 | AN13: Age37 | AO13: Age38 | AP13: Age39 | AQ13: Age40 | AR13: Age41 | AS13: Age42 | AT13: Age43 | AU13: Age44 | AV13: Age45 | AW13: Age46 | AX13: Age47 | AY13: Age48 | AZ13: Age49 | BA13: Age50 | BB13: Age51 | BC13: Age52 | BD13: Age53 | BE13: Age54 | BF13: Age55 | BG13: Age56 | BH13: Age57 | BI13: Age58 | BJ13: Age59 | BK13: Age60 | BL13: Age61 | BM13: Age62 | BN13: Age63 | BO13: Age64 | BP13: Age65 | BQ13: Age66 | BR13: Age67 | BS13: Age68 | BT13: Age69 | BU13: Age70 | BV13: Age71 | BW13: Age72 | BX13: Age73 | BY13: Age74 | BZ13: Age75 | CA13: Age76 | CB13: Age77 | CC13: Age78 | CD13: Age79 | CE13: Age80 | CF13: Age81 | CG13: Age82 | CH13: Age83 | CI13: Age84 | CJ13: Age85 | CK13: Age86 | CL13: Age87 | CM13: Age88 | CN13: Age89 | CO13: Age90 | CP13: Age91 | CQ13: Age92 | CR13: Age93 | CS13: Age94 | CT13: Age95 | CU13: Age96 | CV13: Age97 | CW13: Age98 | CX13: Age99 | CY13: Age100and Over
A14: resident population[Chinese, male, age] | B14: 0 | C14: 11690 | D14: 13107 | E14: 13950 | F14: 13455 | G14: 13487 | H14: 13571 | I14: 13356 | J14: 14338 | K14: 14505 | L14: 17005 | M14: 16697 | N14: 15834 | O14: 17430 | P14: 18070 | Q14: 18586 | R14: 18931 | S14: 19051 | T14: 19018 | U14: 18352 | V14: 19485 | W14: 18320 | X14: 20385 | Y14: 18161 | Z14: 15176 | AA14: 16447 | AB14: 17921 | AC14: 17645 | AD14: 19421 | AE14: 20061 | AF14: 19949 | AG14: 20134 | AH14: 20515 | AI14: 19805 | AJ14: 21675 | AK14: 20834 | AL14: 20944 | AM14: 22355 | AN14: 23515 | AO14: 22760 | AP14: 22362 | AQ14: 21187 | AR14: 20958 | AS14: 22171 | AT14: 22038 | AU14: 23786 | AV14: 23840 | AW14: 24638 | AX14: 24439 | AY14: 23844 | AZ14: 24238 | BA14: 24103 | BB14: 24187 | BC14: 23577 | BD14: 23634 | BE14: 22634 | BF14: 21785 | BG14: 21675 | BH14: 20195 | BI14: 19017 | BJ14: 18028 | BK14: 17950 | BL14: 17426 | BM14: 16157 | BN14: 15756 | BO14: 10845 | BP14: 8246 | BQ14: 10067 | BR14: 8737 | BS14: 8412 | BT14: 9557 | BU14: 9180 | BV14: 8616 | BW14: 6932 | BX14: 5621 | BY14: 5579 | BZ14: 5823 | CA14: 4989 | CB14: 4479 | CC14: 4093 | CD14: 3593 | CE14: 3222 | CF14: 2843 | CG14: 2371 | CH14: 2108 | CI14: 1639 | CJ14: 1394 | CK14: 1157 | CL14: 989 | CM14: 801 | CN14: 693 | CO14: 542 | CP14: 432 | CQ14: 357 | CR14: 276 | CS14: 193 | CT14: 174 | CU14: 120 | CV14: 88 | CW14: 79 | CX14: 67 | CY14: 203
A15: resident population[Chinese, female, age] | B15: 0 | C15: 11185 | D15: 12384 | E15: 13323 | F15: 12864 | G15: 12868 | H15: 13017 | I15: 12598 | J15: 13749 | K15: 13769 | L15: 15956 | M15: 15514 | N15: 14790 | O15: 16486 | P15: 16984 | Q15: 17635 | R15: 17837 | S15: 18448 | T15: 17940 | U15: 18052 | V15: 19025 | W15: 17704 | X15: 20184 | Y15: 17837 | Z15: 15012 | AA15: 16495 | AB15: 18214 | AC15: 18512 | AD15: 20599 | AE15: 21441 | AF15: 21808 | AG15: 21914 | AH15: 22664 | AI15: 22086 | AJ15: 24153 | AK15: 22899 | AL15: 23075 | AM15: 24651 | AN15: 25686 | AO15: 24861 | AP15: 24551 | AQ15: 23386 | AR15: 23104 | AS15: 23577 | AT15: 22871 | AU15: 24255 | AV15: 23859 | AW15: 24781 | AX15: 24285 | AY15: 23825 | AZ15: 23812 | BA15: 23940 | BB15: 23963 | BC15: 23559 | BD15: 23628 | BE15: 22693 | BF15: 21867 | BG15: 21018 | BH15: 19889 | BI15: 19097 | BJ15: 18006 | BK15: 18164 | BL15: 17480 | BM15: 16789 | BN15: 16480 | BO15: 11286 | BP15: 8727 | BQ15: 10866 | BR15: 9102 | BS15: 9420 | BT15: 10901 | BU15: 10600 | BV15: 10107 | BW15: 7923 | BX15: 6421 | BY15: 6368 | BZ15: 7385 | CA15: 6493 | CB15: 5913 | CC15: 5605 | CD15: 5138 | CE15: 4929 | CF15: 4737 | CG15: 4232 | CH15: 3762 | CI15: 3205 | CJ15: 2595 | CK15: 2384 | CL15: 2188 | CM15: 1861 | CN15: 1610 | CO15: 1405 | CP15: 1142 | CQ15: 985 | CR15: 791 | CS15: 631 | CT15: 503 | CU15: 392 | CV15: 343 | CW15: 235 | CX15: 168 | CY15: 446
A16: resident population[Malay, male, age] | B16: 0 | C16: 3016 | D16: 3261 | E16: 3308 | F16: 3458 | G16: 3453 | H16: 3440 | I16: 3484 | J16: 3725 | K16: 4089 | L16: 4322 | M16: 4246 | N16: 4489 | O16: 4484 | P16: 4593 | Q16: 4710 | R16: 4781 | S16: 5098 | T16: 5044 | U16: 4937 | V16: 5210 | W16: 5001 | X16: 4811 | Y16: 4588 | Z16: 4053 | AA16: 4204 | AB16: 4025 | AC16: 3816 | AD16: 3902 | AE16: 3638 | AF16: 3514 | AG16: 3159 | AH16: 2849 | AI16: 2801 | AJ16: 2766 | AK16: 2764 | AL16: 3079 | AM16: 3090 | AN16: 3456 | AO16: 3295 | AP16: 3227 | AQ16: 3004 | AR16: 3332 | AS16: 3800 | AT16: 4053 | AU16: 4306 | AV16: 4290 | AW16: 4614 | AX16: 4405 | AY16: 4453 | AZ16: 4326 | BA16: 4252 | BB16: 4009 | BC16: 3804 | BD16: 3545 | BE16: 3355 | BF16: 3172 | BG16: 3097 | BH16: 2642 | BI16: 2343 | BJ16: 2143 | BK16: 2104 | BL16: 1907 | BM16: 1861 | BN16: 1945 | BO16: 1114 | BP16: 845 | BQ16: 1059 | BR16: 782 | BS16: 734 | BT16: 917 | BU16: 932 | BV16: 892 | BW16: 773 | BX16: 705 | BY16: 681 | BZ16: 802 | CA16: 634 | CB16: 555 | CC16: 434 | CD16: 379 | CE16: 407 | CF16: 405 | CG16: 347 | CH16: 310 | CI16: 237 | CJ16: 211 | CK16: 158 | CL16: 149 | CM16: 136 | CN16: 71 | CO16: 71 | CP16: 50 | CQ16: 50 | CR16: 40 | CS16: 14 | CT16: 6 | CU16: 7 | CV16: 7 | CW16: 8 | CX16: 3 | CY16: 12
A17: resident population[Malay, female, age] | B17: 0 | C17: 2906 | D17: 3096 | E17: 3260 | F17: 3159 | G17: 3286 | H17: 3233 | I17: 3416 | J17: 3534 | K17: 3723 | L17: 3912 | M17: 4111 | N17: 3951 | O17: 4357 | P17: 4258 | Q17: 4390 | R17: 4508 | S17: 4713 | T17: 4732 | U17: 4866 | V17: 4738 | W17: 4897 | X17: 4567 | Y17: 4361 | Z17: 4034 | AA17: 3993 | AB17: 4005 | AC17: 3732 | AD17: 3851 | AE17: 3590 | AF17: 3580 | AG17: 3241 | AH17: 3157 | AI17: 3058 | AJ17: 2967 | AK17: 3045 | AL17: 3225 | AM17: 3315 | AN17: 3523 | AO17: 3526 | AP17: 3463 | AQ17: 3248 | AR17: 3609 | AS17: 3798 | AT17: 4299 | AU17: 4520 | AV17: 4473 | AW17: 4630 | AX17: 4462 | AY17: 4433 | AZ17: 4331 | BA17: 4186 | BB17: 3965 | BC17: 3828 | BD17: 3559 | BE17: 3433 | BF17: 3268 | BG17: 3108 | BH17: 2807 | BI17: 2625 | BJ17: 2330 | BK17: 2325 | BL17: 2081 | BM17: 2039 | BN17: 2053 | BO17: 1179 | BP17: 991 | BQ17: 1244 | BR17: 1009 | BS17: 973 | BT17: 1108 | BU17: 1112 | BV17: 1129 | BW17: 922 | BX17: 680 | BY17: 888 | BZ17: 1117 | CA17: 953 | CB17: 740 | CC17: 637 | CD17: 501 | CE17: 536 | CF17: 472 | CG17: 426 | CH17: 376 | CI17: 201 | CJ17: 230 | CK17: 164 | CL17: 179 | CM17: 163 | CN17: 76 | CO17: 66 | CP17: 54 | CQ17: 55 | CR17: 40 | CS17: 10 | CT17: 13 | CU17: 10 | CV17: 14 | CW17: 12 | CX17: 4 | CY17: 10
A18: resident population[Indian, male, age] | B18: 0 | C18: 1447 | D18: 2236 | E18: 2739 | F18: 2874 | G18: 2820 | H18: 2698 | I18: 2782 | J18: 2634 | K18: 2630 | L18: 2569 | M18: 2581 | N18: 2434 | O18: 2388 | P18: 2326 | Q18: 2291 | R18: 2301 | S18: 2311 | T18: 2336 | U18: 2176 | V18: 2190 | W18: 2171 | X18: 2158 | Y18: 2120 | Z18: 2101 | AA18: 2071 | AB18: 2186 | AC18: 2314 | AD18: 2680 | AE18: 3037 | AF18: 3364 | AG18: 3554 | AH18: 3665 | AI18: 3806 | AJ18: 4055 | AK18: 3910 | AL18: 4195 | AM18: 4027 | AN18: 4034 | AO18: 4132 | AP18: 3911 | AQ18: 3636 | AR18: 3564 | AS18: 3412 | AT18: 3433 | AU18: 3337 | AV18: 3146 | AW18: 3140 | AX18: 2864 | AY18: 2776 | AZ18: 2773 | BA18: 2743 | BB18: 2556 | BC18: 2390 | BD18: 2133 | BE18: 2106 | BF18: 1848 | BG18: 1757 | BH18: 1745 | BI18: 1541 | BJ18: 1369 | BK18: 1451 | BL18: 1284 | BM18: 1247 | BN18: 1212 | BO18: 734 | BP18: 613 | BQ18: 653 | BR18: 573 | BS18: 655 | BT18: 638 | BU18: 656 | BV18: 504 | BW18: 434 | BX18: 390 | BY18: 398 | BZ18: 418 | CA18: 398 | CB18: 439 | CC18: 410 | CD18: 378 | CE18: 369 | CF18: 328 | CG18: 257 | CH18: 228 | CI18: 224 | CJ18: 181 | CK18: 149 | CL18: 99 | CM18: 93 | CN18: 60 | CO18: 54 | CP18: 57 | CQ18: 44 | CR18: 32 | CS18: 35 | CT18: 23 | CU18: 17 | CV18: 9 | CW18: 19 | CX18: 4 | CY18: 37
A19: resident population[Indian, female, age] | B19: 0 | C19: 1480 | D19: 2274 | E19: 2812 | F19: 2888 | G19: 2855 | H19: 2812 | I19: 2697 | J19: 2668 | K19: 2571 | L19: 2494 | M19: 2416 | N19: 2458 | O19: 2421 | P19: 2339 | Q19: 2292 | R19: 2265 | S19: 2357 | T19: 2273 | U19: 2293 | V19: 2267 | W19: 2192 | X19: 2154 | Y19: 2265 | Z19: 2168 | AA19: 2288 | AB19: 2683 | AC19: 2797 | AD19: 3236 | AE19: 3366 | AF19: 3663 | AG19: 3778 | AH19: 3553 | AI19: 3414 | AJ19: 3396 | AK19: 3284 | AL19: 3198 | AM19: 3089 | AN19: 2962 | AO19: 2840 | AP19: 2697 | AQ19: 2547 | AR19: 2529 | AS19: 2502 | AT19: 2545 | AU19: 2588 | AV19: 2533 | AW19: 2594 | AX19: 2555 | AY19: 2448 | AZ19: 2422 | BA19: 2363 | BB19: 2152 | BC19: 2100 | BD19: 1965 | BE19: 1935 | BF19: 1848 | BG19: 1697 | BH19: 1544 | BI19: 1540 | BJ19: 1419 | BK19: 1449 | BL19: 1390 | BM19: 1220 | BN19: 1273 | BO19: 749 | BP19: 648 | BQ19: 653 | BR19: 603 | BS19: 674 | BT19: 666 | BU19: 714 | BV19: 657 | BW19: 592 | BX19: 515 | BY19: 514 | BZ19: 531 | CA19: 423 | CB19: 403 | CC19: 358 | CD19: 289 | CE19: 309 | CF19: 251 | CG19: 236 | CH19: 185 | CI19: 128 | CJ19: 121 | CK19: 98 | CL19: 100 | CM19: 64 | CN19: 46 | CO19: 36 | CP19: 30 | CQ19: 22 | CR19: 23 | CS19: 7 | CT19: 6 | CU19: 6 | CV19: 5 | CW19: 8 | CX19: 2 | CY19: 7
A20: resident population[Other, male, age] | B20: 0 | C20: 540 | D20: 945 | E20: 1052 | F20: 1066 | G20: 986 | H20: 1046 | I20: 1076 | J20: 997 | K20: 974 | L20: 974 | M20: 939 | N20: 861 | O20: 836 | P20: 768 | Q20: 708 | R20: 653 | S20: 584 | T20: 552 | U20: 488 | V20: 505 | W20: 458 | X20: 466 | Y20: 420 | Z20: 390 | AA20: 441 | AB20: 531 | AC20: 623 | AD20: 667 | AE20: 928 | AF20: 1077 | AG20: 1249 | AH20: 1263 | AI20: 1294 | AJ20: 1457 | AK20: 1493 | AL20: 1559 | AM20: 1549 | AN20: 1654 | AO20: 1618 | AP20: 1556 | AQ20: 1549 | AR20: 1307 | AS20: 1445 | AT20: 1338 | AU20: 1339 | AV20: 1219 | AW20: 1158 | AX20: 1131 | AY20: 1009 | AZ20: 934 | BA20: 873 | BB20: 770 | BC20: 743 | BD20: 669 | BE20: 638 | BF20: 580 | BG20: 533 | BH20: 483 | BI20: 439 | BJ20: 430 | BK20: 442 | BL20: 368 | BM20: 389 | BN20: 372 | BO20: 232 | BP20: 199 | BQ20: 184 | BR20: 169 | BS20: 139 | BT20: 142 | BU20: 153 | BV20: 119 | BW20: 118 | BX20: 106 | BY20: 98 | BZ20: 80 | CA20: 83 | CB20: 85 | CC20: 68 | CD20: 74 | CE20: 67 | CF20: 59 | CG20: 39 | CH20: 40 | CI20: 32 | CJ20: 31 | CK20: 26 | CL20: 18 | CM20: 19 | CN20: 11 | CO20: 8 | CP20: 11 | CQ20: 7 | CR20: 2 | CS20: 4 | CT20: 1 | CU20: 2 | CV20: 1 | CW20: 2 | CX20: 2 | CY20: 6
A21: resident population[Other, female, age] | B21: 0 | C21: 524 | D21: 1047 | E21: 1118 | F21: 1105 | G21: 1108 | H21: 1098 | I21: 1063 | J21: 1053 | K21: 1030 | L21: 1067 | M21: 961 | N21: 1004 | O21: 962 | P21: 878 | Q21: 824 | R21: 750 | S21: 670 | T21: 687 | U21: 714 | V21: 612 | W21: 550 | X21: 608 | Y21: 628 | Z21: 612 | AA21: 699 | AB21: 883 | AC21: 1079 | AD21: 1235 | AE21: 1410 | AF21: 1656 | AG21: 1685 | AH21: 1820 | AI21: 1803 | AJ21: 1905 | AK21: 1817 | AL21: 1894 | AM21: 1847 | AN21: 1804 | AO21: 1764 | AP21: 1735 | AQ21: 1637 | AR21: 1518 | AS21: 1350 | AT21: 1369 | AU21: 1194 | AV21: 1088 | AW21: 1041 | AX21: 946 | AY21: 864 | AZ21: 840 | BA21: 781 | BB21: 669 | BC21: 581 | BD21: 551 | BE21: 472 | BF21: 456 | BG21: 395 | BH21: 367 | BI21: 328 | BJ21: 265 | BK21: 310 | BL21: 261 | BM21: 266 | BN21: 258 | BO21: 147 | BP21: 108 | BQ21: 108 | BR21: 135 | BS21: 124 | BT21: 130 | BU21: 131 | BV21: 122 | BW21: 104 | BX21: 118 | BY21: 114 | BZ21: 107 | CA21: 104 | CB21: 86 | CC21: 77 | CD21: 104 | CE21: 74 | CF21: 77 | CG21: 70 | CH21: 65 | CI21: 36 | CJ21: 31 | CK21: 35 | CL21: 31 | CM21: 34 | CN21: 25 | CO21: 20 | CP21: 16 | CQ21: 14 | CR21: 8 | CS21: 10 | CT21: 7 | CU21: 10 | CV21: 4 | CW21: 7 | CX21: 4 | CY21: 3
A23: Net migration rate | B23: NewBorn | C23: Age00 | D23: Age01 | E23: Age02 | F23: Age03 | G23: Age04 | H23: Age05 | I23: Age06 | J23: Age07 | K23: Age08 | L23: Age09 | M23: Age10 | N23: Age11 | O23: Age12 | P23: Age13 | Q23: Age14 | R23: Age15 | S23: Age16 | T23: Age17 | U23: Age18 | V23: Age19 | W23: Age20 | X23: Age21 | Y23: Age22 | Z23: Age23 | AA23: Age24 | AB23: Age25 | AC23: Age26 | AD23: Age27 | AE23: Age28 | AF23: Age29 | AG23: Age30 | AH23: Age31 | AI23: Age32 | AJ23: Age33 | AK23: Age34 | AL23: Age35 | AM23: Age36 | AN23: Age37 | AO23: Age38 | AP23: Age39 | AQ23: Age40 | AR23: Age41 | AS23: Age42 | AT23: Age43 | AU23: Age44 | AV23: Age45 | AW23: Age46 | AX23: Age47 | AY23: Age48 | AZ23: Age49 | BA23: Age50 | BB23: Age51 | BC23: Age52 | BD23: Age53 | BE23: Age54 | BF23: Age55 | BG23: Age56 | BH23: Age57 | BI23: Age58 | BJ23: Age59 | BK23: Age60 | BL23: Age61 | BM23: Age62 | BN23: Age63 | BO23: Age64 | BP23: Age65 | BQ23: Age66 | BR23: Age67 | BS23: Age68 | BT23: Age69 | BU23: Age70 | BV23: Age71 | BW23: Age72 | BX23: Age73 | BY23: Age74 | BZ23: Age75 | CA23: Age76 | CB23: Age77 | CC23: Age78 | CD23: Age79 | CE23: Age80 | CF23: Age81 | CG23: Age82 | CH23: Age83 | CI23: Age84 | CJ23: Age85 | CK23: Age86 | CL23: Age87 | CM23: Age88 | CN23: Age89 | CO23: Age90 | CP23: Age91 | CQ23: Age92 | CR23: Age93 | CS23: Age94 | CT23: Age95 | CU23: Age96 | CV23: Age97 | CW23: Age98 | CX23: Age99 | CY23: Age100and Over
A24: net migration rate[Chinese, male, age] | B24: 0 | C24: 0.0059 | D24: =C24 -> 0.0059 | E24: =D24 -> 0.0059 | F24: =E24 -> 0.0059 | G24: =F24 -> 0.0059 | H24: =G24 -> 0.0059 | I24: =H24 -> 0.0059 | J24: =I24 -> 0.0059 | K24: =J24 -> 0.0059 | ... T24: =S24 -> 0.0059 | U24: 0.0059 | V24: =U24 -> 0.0059 | W24: =V24 -> 0.0059 | X24: =W24 -> 0.0059 | Y24: =X24 -> 0.0059 | Z24: =Y24 -> 0.0059 | AA24: =Z24 -> 0.0059 | AB24: =AA24 -> 0.0059 | AC24: =AB24 -> 0.0059 | ... AZ24: =AY24 -> 0.0059 | BA24: 0 | BB24: =BA24 -> 0 | BC24: =BB24 -> 0 | BD24: =BC24 -> 0 | BE24: =BD24 -> 0 | BF24: =BE24 -> 0 | BG24: =BF24 -> 0 | BH24: =BG24 -> 0 | BI24: =BH24 -> 0 | BJ24: =BI24 -> 0 | BK24: 0 | BL24: =BK24 -> 0 | BM24: =BL24 -> 0 | BN24: =BM24 -> 0 | BO24: =BN24 -> 0 | BP24: =BO24 -> 0 | BQ24: =BP24 -> 0 | BR24: =BQ24 -> 0 | BS24: =BR24 -> 0 | ... CY24: =CX24 -> 0
A25: net migration rate[Chinese, female, age] | B25: 0 | C25: =C24 -> 0.0059 | D25: =D24 -> 0.0059 | E25: =E24 -> 0.0059 | F25: =F24 -> 0.0059 | G25: =G24 -> 0.0059 | H25: =H24 -> 0.0059 | I25: =I24 -> 0.0059 | J25: =J24 -> 0.0059 | ... U25: =U24 -> 0.0059 | V25: =U25 -> 0.0059 | W25: =V25 -> 0.0059 | X25: =W25 -> 0.0059 | Y25: =X25 -> 0.0059 | Z25: =Y25 -> 0.0059 | AA25: =Z25 -> 0.0059 | AB25: =AA25 -> 0.0059 | AC25: =AB25 -> 0.0059 | ... AZ25: =AY25 -> 0.0059 | BA25: 0 | BB25: =BA25 -> 0 | BC25: =BB25 -> 0 | BD25: =BC25 -> 0 | BE25: =BD25 -> 0 | BF25: =BE25 -> 0 | BG25: =BF25 -> 0 | BH25: =BG25 -> 0 | BI25: =BH25 -> 0 | BJ25: =BI25 -> 0 | BK25: =BK24 -> 0 | BL25: =BL24 -> 0 | BM25: =BM24 -> 0 | BN25: =BN24 -> 0 | BO25: =BO24 -> 0 | BP25: =BP24 -> 0 | BQ25: =BQ24 -> 0 | BR25: =BR24 -> 0 | ... CY25: =CY24 -> 0
A26: net migration rate[Malay, male, age] | B26: 0 | C26: =C25 -> 0.0059 | D26: =D25 -> 0.0059 | E26: =E25 -> 0.0059 | F26: =F25 -> 0.0059 | G26: =G25 -> 0.0059 | H26: =H25 -> 0.0059 | I26: =I25 -> 0.0059 | J26: =J25 -> 0.0059 | ... U26: =U25 -> 0.0059 | V26: =U26 -> 0.0059 | W26: =V26 -> 0.0059 | X26: =W26 -> 0.0059 | Y26: =X26 -> 0.0059 | Z26: =Y26 -> 0.0059 | AA26: =Z26 -> 0.0059 | AB26: =AA26 -> 0.0059 | AC26: =AB26 -> 0.0059 | ... AZ26: =AY26 -> 0.0059 | BA26: 0 | BB26: =BA26 -> 0 | BC26: =BB26 -> 0 | BD26: =BC26 -> 0 | BE26: =BD26 -> 0 | BF26: =BE26 -> 0 | BG26: =BF26 -> 0 | BH26: =BG26 -> 0 | BI26: =BH26 -> 0 | BJ26: =BI26 -> 0 | BK26: =BK25 -> 0 | BL26: =BL25 -> 0 | BM26: =BM25 -> 0 | BN26: =BN25 -> 0 | BO26: =BO25 -> 0 | BP26: =BP25 -> 0 | BQ26: =BQ25 -> 0 | BR26: =BR25 -> 0 | ... CY26: =CY25 -> 0
A27: net migration rate[Malay, female, age] | B27: 0 | C27: =C26 -> 0.0059 | D27: =D26 -> 0.0059 | E27: =E26 -> 0.0059 | F27: =F26 -> 0.0059 | G27: =G26 -> 0.0059 | H27: =H26 -> 0.0059 | I27: =I26 -> 0.0059 | J27: =J26 -> 0.0059 | ... U27: =U26 -> 0.0059 | V27: =U27 -> 0.0059 | W27: =V27 -> 0.0059 | X27: =W27 -> 0.0059 | Y27: =X27 -> 0.0059 | Z27: =Y27 -> 0.0059 | AA27: =Z27 -> 0.0059 | AB27: =AA27 -> 0.0059 | AC27: =AB27 -> 0.0059 | ... AZ27: =AY27 -> 0.0059 | BA27: 0 | BB27: =BA27 -> 0 | BC27: =BB27 -> 0 | BD27: =BC27 -> 0 | BE27: =BD27 -> 0 | BF27: =BE27 -> 0 | BG27: =BF27 -> 0 | BH27: =BG27 -> 0 | BI27: =BH27 -> 0 | BJ27: =BI27 -> 0 | BK27: =BK26 -> 0 | BL27: =BL26 -> 0 | BM27: =BM26 -> 0 | BN27: =BN26 -> 0 | BO27: =BO26 -> 0 | BP27: =BP26 -> 0 | BQ27: =BQ26 -> 0 | BR27: =BR26 -> 0 | ... CY27: =CY26 -> 0
A28: net migration rate[Indian, male, age] | B28: 0 | C28: =C27 -> 0.0059 | D28: =D27 -> 0.0059 | E28: =E27 -> 0.0059 | F28: =F27 -> 0.0059 | G28: =G27 -> 0.0059 | H28: =H27 -> 0.0059 | I28: =I27 -> 0.0059 | J28: =J27 -> 0.0059 | ... U28: =U27 -> 0.0059 | V28: =U28 -> 0.0059 | W28: =V28 -> 0.0059 | X28: =W28 -> 0.0059 | Y28: =X28 -> 0.0059 | Z28: =Y28 -> 0.0059 | AA28: =Z28 -> 0.0059 | AB28: =AA28 -> 0.0059 | AC28: =AB28 -> 0.0059 | ... AZ28: =AY28 -> 0.0059 | BA28: 0 | BB28: =BA28 -> 0 | BC28: =BB28 -> 0 | BD28: =BC28 -> 0 | BE28: =BD28 -> 0 | BF28: =BE28 -> 0 | BG28: =BF28 -> 0 | BH28: =BG28 -> 0 | BI28: =BH28 -> 0 | BJ28: =BI28 -> 0 | BK28: =BK27 -> 0 | BL28: =BL27 -> 0 | BM28: =BM27 -> 0 | BN28: =BN27 -> 0 | BO28: =BO27 -> 0 | BP28: =BP27 -> 0 | BQ28: =BQ27 -> 0 | BR28: =BR27 -> 0 | ... CY28: =CY27 -> 0
A29: net migration rate[Indian, female, age] | B29: 0 | C29: =C28 -> 0.0059 | D29: =D28 -> 0.0059 | E29: =E28 -> 0.0059 | F29: =F28 -> 0.0059 | G29: =G28 -> 0.0059 | H29: =H28 -> 0.0059 | I29: =I28 -> 0.0059 | J29: =J28 -> 0.0059 | ... U29: =U28 -> 0.0059 | V29: =U29 -> 0.0059 | W29: =V29 -> 0.0059 | X29: =W29 -> 0.0059 | Y29: =X29 -> 0.0059 | Z29: =Y29 -> 0.0059 | AA29: =Z29 -> 0.0059 | AB29: =AA29 -> 0.0059 | AC29: =AB29 -> 0.0059 | ... AZ29: =AY29 -> 0.0059 | BA29: 0 | BB29: =BA29 -> 0 | BC29: =BB29 -> 0 | BD29: =BC29 -> 0 | BE29: =BD29 -> 0 | BF29: =BE29 -> 0 | BG29: =BF29 -> 0 | BH29: =BG29 -> 0 | BI29: =BH29 -> 0 | BJ29: =BI29 -> 0 | BK29: =BK28 -> 0 | BL29: =BL28 -> 0 | BM29: =BM28 -> 0 | BN29: =BN28 -> 0 | BO29: =BO28 -> 0 | BP29: =BP28 -> 0 | BQ29: =BQ28 -> 0 | BR29: =BR28 -> 0 | ... CY29: =CY28 -> 0
A30: net migration rate[Other, male, age] | B30: 0 | C30: =C29 -> 0.0059 | D30: =D29 -> 0.0059 | E30: =E29 -> 0.0059 | F30: =F29 -> 0.0059 | G30: =G29 -> 0.0059 | H30: =H29 -> 0.0059 | I30: =I29 -> 0.0059 | J30: =J29 -> 0.0059 | ... U30: =U29 -> 0.0059 | V30: =U30 -> 0.0059 | W30: =V30 -> 0.0059 | X30: =W30 -> 0.0059 | Y30: =X30 -> 0.0059 | Z30: =Y30 -> 0.0059 | AA30: =Z30 -> 0.0059 | AB30: =AA30 -> 0.0059 | AC30: =AB30 -> 0.0059 | ... AZ30: =AY30 -> 0.0059 | BA30: 0 | BB30: =BA30 -> 0 | BC30: =BB30 -> 0 | BD30: =BC30 -> 0 | BE30: =BD30 -> 0 | BF30: =BE30 -> 0 | BG30: =BF30 -> 0 | BH30: =BG30 -> 0 | BI30: =BH30 -> 0 | BJ30: =BI30 -> 0 | BK30: =BK29 -> 0 | BL30: =BL29 -> 0 | BM30: =BM29 -> 0 | BN30: =BN29 -> 0 | BO30: =BO29 -> 0 | BP30: =BP29 -> 0 | BQ30: =BQ29 -> 0 | BR30: =BR29 -> 0 | ... CY30: =CY29 -> 0
A31: net migration rate[Other, female, age] | B31: 0 | C31: =C30 -> 0.0059 | D31: =D30 -> 0.0059 | E31: =E30 -> 0.0059 | F31: =F30 -> 0.0059 | G31: =G30 -> 0.0059 | H31: =H30 -> 0.0059 | I31: =I30 -> 0.0059 | J31: =J30 -> 0.0059 | ... U31: =U30 -> 0.0059 | V31: =U31 -> 0.0059 | W31: =V31 -> 0.0059 | X31: =W31 -> 0.0059 | Y31: =X31 -> 0.0059 | Z31: =Y31 -> 0.0059 | AA31: =Z31 -> 0.0059 | AB31: =AA31 -> 0.0059 | AC31: =AB31 -> 0.0059 | ... AZ31: =AY31 -> 0.0059 | BA31: 0 | BB31: =BA31 -> 0 | BC31: =BB31 -> 0 | BD31: =BC31 -> 0 | BE31: =BD31 -> 0 | BF31: =BE31 -> 0 | BG31: =BF31 -> 0 | BH31: =BG31 -> 0 | BI31: =BH31 -> 0 | BJ31: =BI31 -> 0 | BK31: =BK30 -> 0 | BL31: =BL30 -> 0 | BM31: =BM30 -> 0 | BN31: =BN30 -> 0 | BO31: =BO30 -> 0 | BP31: =BP30 -> 0 | BQ31: =BQ30 -> 0 | BR31: =BR30 -> 0 | ... CY31: =CY30 -> 0
A33: target total resident population | B33: 4500000
A38: Time | B38: 2010 | C38: 2011 | D38: 2012 | E38: 2013 | F38: 2014 | G38: 2015 | H38: 2016 | I38: 2017 | J38: 2018 | K38: 2019 | L38: 2020 | M38: 2021 | N38: 2022 | O38: 2023 | P38: 2024 | Q38: 2025 | R38: 2026 | S38: 2027 | T38: 2028 | U38: 2029 | V38: 2030 | W38: 2031 | X38: 2032 | Y38: 2033 | Z38: 2034 | AA38: 2035 | AB38: 2036 | AC38: 2037 | AD38: 2038 | AE38: 2039 | AF38: 2040 | AG38: 2041 | AH38: 2042 | AI38: 2043 | AJ38: 2044 | AK38: 2045 | AL38: 2046 | AM38: 2047 | AN38: 2048 | AO38: 2049 | AP38: 2050
A39: Resident Population.census total resident population | B39: 3771721 | C39: 3789251 | D39: 3818205 | E39: 3844751 | F39: 3870739 | G39: 3902690 | H39: 3933559 | I39: 3965796 | J39: 3994283 | K39: 4026209 | L39: 4044210 | M39: 3986842 | N39: 4073239 | O39: 4149253 | P39: 4180868 | Q39: 4204515 | R39: 4227250 | S39: 4249300 | T39: 4270650 | U39: 4290650 | V39: 4309450 | W39: 4327000 | X39: 4343050 | Y39: 4358150 | Z39: 4371600 | AA39: 4383350 | AB39: 4394250 | AC39: 4403000 | AD39: 4410700 | AE39: 4417600 | AF39: 4422600
A40: Resident Population.census males per thousand females | B40: 974 | C40: 972 | D40: 970 | E40: 968 | F40: 967 | G40: 965 | H40: 963 | I40: 961 | J40: 959 | K40: 957 | L40: 957 | M40: 960 | N40: 955 | O40: 950 | P40: 948 | Q40: 947
A41: Resident Population.census OADR | B41: 8.2 | C41: 7.9 | D41: 7.4 | E41: 7 | F41: 6.6 | G41: 6.2 | H41: 5.8 | I41: 5.5 | J41: 5.2 | K41: 4.9 | L41: 4.6 | M41: 4.3 | N41: 4.1 | O41: 4 | P41: 3.8 | Q41: 3.6

Sheet 3. Frail population
A1: Module name | B1: Frail Population
B2: ='2 Resident Population'!B3 -> NewBorn | C2: ='2 Resident Population'!C3 -> Age00 | D2: ='2 Resident Population'!D3 -> Age01 | E2: ='2 Resident Population'!E3 -> Age02 | F2: ='2 Resident Population'!F3 -> Age03 | G2: ='2 Resident Population'!G3 -> Age04 | H2: ='2 Resident Population'!H3 -> Age05 | I2: ='2 Resident Population'!I3 -> Age06 | ... CY2: ='2 Resident Population'!CY3 -> Age100and Over
A3: Frail Population.age as a number[age] | B3: 0 | C3: 0 | D3: 1 | E3: 2 | F3: 3 | G3: 4 | H3: 5 | I3: 6 | J3: 7 | K3: 8 | L3: 9 | M3: 10 | N3: 11 | O3: 12 | P3: 13 | Q3: 14 | R3: 15 | S3: 16 | T3: 17 | U3: 18 | V3: 19 | W3: 20 | X3: 21 | Y3: 22 | Z3: 23 | AA3: 24 | AB3: 25 | AC3: 26 | AD3: 27 | AE3: 28 | AF3: 29 | AG3: 30 | AH3: 31 | AI3: 32 | AJ3: 33 | AK3: 34 | AL3: 35 | AM3: 36 | AN3: 37 | AO3: 38 | AP3: 39 | AQ3: 40 | AR3: 41 | AS3: 42 | AT3: 43 | AU3: 44 | AV3: 45 | AW3: 46 | AX3: 47 | AY3: 48 | AZ3: 49 | BA3: 50 | BB3: 51 | BC3: 52 | BD3: 53 | BE3: 54 | BF3: 55 | BG3: 56 | BH3: 57 | BI3: 58 | BJ3: 59 | BK3: 60 | BL3: 61 | BM3: 62 | BN3: 63 | BO3: 64 | BP3: 65 | BQ3: 66 | BR3: 67 | BS3: 68 | BT3: 69 | BU3: 70 | BV3: 71 | BW3: 72 | BX3: 73 | BY3: 74 | BZ3: 75 | CA3: 76 | CB3: 77 | CC3: 78 | CD3: 79 | CE3: 80 | CF3: 81 | CG3: 82 | CH3: 83 | CI3: 84 | CJ3: 85 | CK3: 86 | CL3: 87 | CM3: 88 | CN3: 89 | CO3: 90 | CP3: 91 | CQ3: 92 | CR3: 93 | CS3: 94 | CT3: 95 | CU3: 96 | CV3: 97 | CW3: 98 | CX3: 99 | CY3: 100
A5: Diagnosed initial stocks (two stocks) | B5: NewBorn | C5: Age00 | D5: Age01 | E5: Age02 | F5: Age03 | G5: Age04 | H5: Age05 | I5: Age06 | J5: Age07 | K5: Age08 | L5: Age09 | M5: Age10 | N5: Age11 | O5: Age12 | P5: Age13 | Q5: Age14 | R5: Age15 | S5: Age16 | T5: Age17 | U5: Age18 | V5: Age19 | W5: Age20 | X5: Age21 | Y5: Age22 | Z5: Age23 | AA5: Age24 | AB5: Age25 | AC5: Age26 | AD5: Age27 | AE5: Age28 | AF5: Age29 | AG5: Age30 | AH5: Age31 | AI5: Age32 | AJ5: Age33 | AK5: Age34 | AL5: Age35 | AM5: Age36 | AN5: Age37 | AO5: Age38 | AP5: Age39 | AQ5: Age40 | AR5: Age41 | AS5: Age42 | AT5: Age43 | AU5: Age44 | AV5: Age45 | AW5: Age46 | AX5: Age47 | AY5: Age48 | AZ5: Age49 | BA5: Age50 | BB5: Age51 | BC5: Age52 | BD5: Age53 | BE5: Age54 | BF5: Age55 | BG5: Age56 | BH5: Age57 | BI5: Age58 | BJ5: Age59 | BK5: Age60 | BL5: Age61 | BM5: Age62 | BN5: Age63 | BO5: Age64 | BP5: Age65 | BQ5: Age66 | BR5: Age67 | BS5: Age68 | BT5: Age69 | BU5: Age70 | BV5: Age71 | BW5: Age72 | BX5: Age73 | BY5: Age74 | BZ5: Age75 | CA5: Age76 | CB5: Age77 | CC5: Age78 | CD5: Age79 | CE5: Age80 | CF5: Age81 | CG5: Age82 | CH5: Age83 | CI5: Age84 | CJ5: Age85 | CK5: Age86 | CL5: Age87 | CM5: Age88 | CN5: Age89 | CO5: Age90 | CP5: Age91 | CQ5: Age92 | CR5: Age93 | CS5: Age94 | CT5: Age95 | CU5: Age96 | CV5: Age97 | CW5: Age98 | CX5: Age99 | CY5: Age100and Over
A6: Frail Population.frail diagnosed[Chinese, male, age] | B6: 0 | C6: 0 | D6: 0 | E6: 0 | F6: 0 | G6: 0 | H6: 0 | I6: 0 | J6: 0 | K6: 0 | L6: 0 | M6: 0 | N6: 0 | O6: 0 | P6: 0 | Q6: 0 | R6: 0 | S6: 0 | T6: 0 | U6: 0 | V6: 0 | W6: 0 | X6: 0 | Y6: 0 | Z6: 0 | AA6: 0 | AB6: 0 | AC6: 0 | AD6: 0 | AE6: 0 | AF6: 0 | AG6: 0 | AH6: 0 | AI6: 0 | AJ6: 0 | AK6: 0 | AL6: 0 | AM6: 0 | AN6: 0 | AO6: 0 | AP6: 0 | AQ6: 0 | AR6: 0 | AS6: 0 | AT6: 0 | AU6: 0 | AV6: 0 | AW6: 0 | AX6: 0 | AY6: 0 | AZ6: 0 | BA6: 0 | BB6: 0 | BC6: 0 | BD6: 0 | BE6: 0 | BF6: 0 | BG6: 0 | BH6: 0 | BI6: 0 | BJ6: 0 | BK6: 0 | BL6: 0 | BM6: 0 | BN6: 0 | BO6: 0 | BP6: 0 | BQ6: 0 | BR6: 0 | BS6: 0 | BT6: 0 | BU6: 0 | BV6: 0 | BW6: 0 | BX6: 0 | BY6: 0 | BZ6: 0 | CA6: 0 | CB6: 0 | CC6: 0 | CD6: 0 | CE6: 0 | CF6: 0 | CG6: 0 | CH6: 0 | CI6: 0 | CJ6: 0 | CK6: 0 | CL6: 0 | CM6: 0 | CN6: 0 | CO6: 0 | CP6: 0 | CQ6: 0 | CR6: 0 | CS6: 0 | CT6: 0 | CU6: 0 | CV6: 0 | CW6: 0 | CX6: 0 | CY6: 0
A7: Frail Population.frail diagnosed[Chinese, female, age] | B7: 0 | C7: 0 | D7: 0 | E7: 0 | F7: 0 | G7: 0 | H7: 0 | I7: 0 | J7: 0 | K7: 0 | L7: 0 | M7: 0 | N7: 0 | O7: 0 | P7: 0 | Q7: 0 | R7: 0 | S7: 0 | T7: 0 | U7: 0 | V7: 0 | W7: 0 | X7: 0 | Y7: 0 | Z7: 0 | AA7: 0 | AB7: 0 | AC7: 0 | AD7: 0 | AE7: 0 | AF7: 0 | AG7: 0 | AH7: 0 | AI7: 0 | AJ7: 0 | AK7: 0 | AL7: 0 | AM7: 0 | AN7: 0 | AO7: 0 | AP7: 0 | AQ7: 0 | AR7: 0 | AS7: 0 | AT7: 0 | AU7: 0 | AV7: 0 | AW7: 0 | AX7: 0 | AY7: 0 | AZ7: 0 | BA7: 0 | BB7: 0 | BC7: 0 | BD7: 0 | BE7: 0 | BF7: 0 | BG7: 0 | BH7: 0 | BI7: 0 | BJ7: 0 | BK7: 0 | BL7: 0 | BM7: 0 | BN7: 0 | BO7: 0 | BP7: 0 | BQ7: 0 | BR7: 0 | BS7: 0 | BT7: 0 | BU7: 0 | BV7: 0 | BW7: 0 | BX7: 0 | BY7: 0 | BZ7: 0 | CA7: 0 | CB7: 0 | CC7: 0 | CD7: 0 | CE7: 0 | CF7: 0 | CG7: 0 | CH7: 0 | CI7: 0 | CJ7: 0 | CK7: 0 | CL7: 0 | CM7: 0 | CN7: 0 | CO7: 0 | CP7: 0 | CQ7: 0 | CR7: 0 | CS7: 0 | CT7: 0 | CU7: 0 | CV7: 0 | CW7: 0 | CX7: 0 | CY7: 0
A8: Frail Population.frail diagnosed[Malay, male, age] | B8: 0 | C8: 0 | D8: 0 | E8: 0 | F8: 0 | G8: 0 | H8: 0 | I8: 0 | J8: 0 | K8: 0 | L8: 0 | M8: 0 | N8: 0 | O8: 0 | P8: 0 | Q8: 0 | R8: 0 | S8: 0 | T8: 0 | U8: 0 | V8: 0 | W8: 0 | X8: 0 | Y8: 0 | Z8: 0 | AA8: 0 | AB8: 0 | AC8: 0 | AD8: 0 | AE8: 0 | AF8: 0 | AG8: 0 | AH8: 0 | AI8: 0 | AJ8: 0 | AK8: 0 | AL8: 0 | AM8: 0 | AN8: 0 | AO8: 0 | AP8: 0 | AQ8: 0 | AR8: 0 | AS8: 0 | AT8: 0 | AU8: 0 | AV8: 0 | AW8: 0 | AX8: 0 | AY8: 0 | AZ8: 0 | BA8: 0 | BB8: 0 | BC8: 0 | BD8: 0 | BE8: 0 | BF8: 0 | BG8: 0 | BH8: 0 | BI8: 0 | BJ8: 0 | BK8: 0 | BL8: 0 | BM8: 0 | BN8: 0 | BO8: 0 | BP8: 0 | BQ8: 0 | BR8: 0 | BS8: 0 | BT8: 0 | BU8: 0 | BV8: 0 | BW8: 0 | BX8: 0 | BY8: 0 | BZ8: 0 | CA8: 0 | CB8: 0 | CC8: 0 | CD8: 0 | CE8: 0 | CF8: 0 | CG8: 0 | CH8: 0 | CI8: 0 | CJ8: 0 | CK8: 0 | CL8: 0 | CM8: 0 | CN8: 0 | CO8: 0 | CP8: 0 | CQ8: 0 | CR8: 0 | CS8: 0 | CT8: 0 | CU8: 0 | CV8: 0 | CW8: 0 | CX8: 0 | CY8: 0
A9: Frail Population.frail diagnosed[Malay, female, age] | B9: 0 | C9: 0 | D9: 0 | E9: 0 | F9: 0 | G9: 0 | H9: 0 | I9: 0 | J9: 0 | K9: 0 | L9: 0 | M9: 0 | N9: 0 | O9: 0 | P9: 0 | Q9: 0 | R9: 0 | S9: 0 | T9: 0 | U9: 0 | V9: 0 | W9: 0 | X9: 0 | Y9: 0 | Z9: 0 | AA9: 0 | AB9: 0 | AC9: 0 | AD9: 0 | AE9: 0 | AF9: 0 | AG9: 0 | AH9: 0 | AI9: 0 | AJ9: 0 | AK9: 0 | AL9: 0 | AM9: 0 | AN9: 0 | AO9: 0 | AP9: 0 | AQ9: 0 | AR9: 0 | AS9: 0 | AT9: 0 | AU9: 0 | AV9: 0 | AW9: 0 | AX9: 0 | AY9: 0 | AZ9: 0 | BA9: 0 | BB9: 0 | BC9: 0 | BD9: 0 | BE9: 0 | BF9: 0 | BG9: 0 | BH9: 0 | BI9: 0 | BJ9: 0 | BK9: 0 | BL9: 0 | BM9: 0 | BN9: 0 | BO9: 0 | BP9: 0 | BQ9: 0 | BR9: 0 | BS9: 0 | BT9: 0 | BU9: 0 | BV9: 0 | BW9: 0 | BX9: 0 | BY9: 0 | BZ9: 0 | CA9: 0 | CB9: 0 | CC9: 0 | CD9: 0 | CE9: 0 | CF9: 0 | CG9: 0 | CH9: 0 | CI9: 0 | CJ9: 0 | CK9: 0 | CL9: 0 | CM9: 0 | CN9: 0 | CO9: 0 | CP9: 0 | CQ9: 0 | CR9: 0 | CS9: 0 | CT9: 0 | CU9: 0 | CV9: 0 | CW9: 0 | CX9: 0 | CY9: 0
A10: Frail Population.frail diagnosed[Indian, male, age] | B10: 0 | C10: 0 | D10: 0 | E10: 0 | F10: 0 | G10: 0 | H10: 0 | I10: 0 | J10: 0 | K10: 0 | L10: 0 | M10: 0 | N10: 0 | O10: 0 | P10: 0 | Q10: 0 | R10: 0 | S10: 0 | T10: 0 | U10: 0 | V10: 0 | W10: 0 | X10: 0 | Y10: 0 | Z10: 0 | AA10: 0 | AB10: 0 | AC10: 0 | AD10: 0 | AE10: 0 | AF10: 0 | AG10: 0 | AH10: 0 | AI10: 0 | AJ10: 0 | AK10: 0 | AL10: 0 | AM10: 0 | AN10: 0 | AO10: 0 | AP10: 0 | AQ10: 0 | AR10: 0 | AS10: 0 | AT10: 0 | AU10: 0 | AV10: 0 | AW10: 0 | AX10: 0 | AY10: 0 | AZ10: 0 | BA10: 0 | BB10: 0 | BC10: 0 | BD10: 0 | BE10: 0 | BF10: 0 | BG10: 0 | BH10: 0 | BI10: 0 | BJ10: 0 | BK10: 0 | BL10: 0 | BM10: 0 | BN10: 0 | BO10: 0 | BP10: 0 | BQ10: 0 | BR10: 0 | BS10: 0 | BT10: 0 | BU10: 0 | BV10: 0 | BW10: 0 | BX10: 0 | BY10: 0 | BZ10: 0 | CA10: 0 | CB10: 0 | CC10: 0 | CD10: 0 | CE10: 0 | CF10: 0 | CG10: 0 | CH10: 0 | CI10: 0 | CJ10: 0 | CK10: 0 | CL10: 0 | CM10: 0 | CN10: 0 | CO10: 0 | CP10: 0 | CQ10: 0 | CR10: 0 | CS10: 0 | CT10: 0 | CU10: 0 | CV10: 0 | CW10: 0 | CX10: 0 | CY10: 0
A11: Frail Population.frail diagnosed[Indian, female, age] | B11: 0 | C11: 0 | D11: 0 | E11: 0 | F11: 0 | G11: 0 | H11: 0 | I11: 0 | J11: 0 | K11: 0 | L11: 0 | M11: 0 | N11: 0 | O11: 0 | P11: 0 | Q11: 0 | R11: 0 | S11: 0 | T11: 0 | U11: 0 | V11: 0 | W11: 0 | X11: 0 | Y11: 0 | Z11: 0 | AA11: 0 | AB11: 0 | AC11: 0 | AD11: 0 | AE11: 0 | AF11: 0 | AG11: 0 | AH11: 0 | AI11: 0 | AJ11: 0 | AK11: 0 | AL11: 0 | AM11: 0 | AN11: 0 | AO11: 0 | AP11: 0 | AQ11: 0 | AR11: 0 | AS11: 0 | AT11: 0 | AU11: 0 | AV11: 0 | AW11: 0 | AX11: 0 | AY11: 0 | AZ11: 0 | BA11: 0 | BB11: 0 | BC11: 0 | BD11: 0 | BE11: 0 | BF11: 0 | BG11: 0 | BH11: 0 | BI11: 0 | BJ11: 0 | BK11: 0 | BL11: 0 | BM11: 0 | BN11: 0 | BO11: 0 | BP11: 0 | BQ11: 0 | BR11: 0 | BS11: 0 | BT11: 0 | BU11: 0 | BV11: 0 | BW11: 0 | BX11: 0 | BY11: 0 | BZ11: 0 | CA11: 0 | CB11: 0 | CC11: 0 | CD11: 0 | CE11: 0 | CF11: 0 | CG11: 0 | CH11: 0 | CI11: 0 | CJ11: 0 | CK11: 0 | CL11: 0 | CM11: 0 | CN11: 0 | CO11: 0 | CP11: 0 | CQ11: 0 | CR11: 0 | CS11: 0 | CT11: 0 | CU11: 0 | CV11: 0 | CW11: 0 | CX11: 0 | CY11: 0
A12: Frail Population.frail diagnosed[Other, male, age] | B12: 0 | C12: 0 | D12: 0 | E12: 0 | F12: 0 | G12: 0 | H12: 0 | I12: 0 | J12: 0 | K12: 0 | L12: 0 | M12: 0 | N12: 0 | O12: 0 | P12: 0 | Q12: 0 | R12: 0 | S12: 0 | T12: 0 | U12: 0 | V12: 0 | W12: 0 | X12: 0 | Y12: 0 | Z12: 0 | AA12: 0 | AB12: 0 | AC12: 0 | AD12: 0 | AE12: 0 | AF12: 0 | AG12: 0 | AH12: 0 | AI12: 0 | AJ12: 0 | AK12: 0 | AL12: 0 | AM12: 0 | AN12: 0 | AO12: 0 | AP12: 0 | AQ12: 0 | AR12: 0 | AS12: 0 | AT12: 0 | AU12: 0 | AV12: 0 | AW12: 0 | AX12: 0 | AY12: 0 | AZ12: 0 | BA12: 0 | BB12: 0 | BC12: 0 | BD12: 0 | BE12: 0 | BF12: 0 | BG12: 0 | BH12: 0 | BI12: 0 | BJ12: 0 | BK12: 0 | BL12: 0 | BM12: 0 | BN12: 0 | BO12: 0 | BP12: 0 | BQ12: 0 | BR12: 0 | BS12: 0 | BT12: 0 | BU12: 0 | BV12: 0 | BW12: 0 | BX12: 0 | BY12: 0 | BZ12: 0 | CA12: 0 | CB12: 0 | CC12: 0 | CD12: 0 | CE12: 0 | CF12: 0 | CG12: 0 | CH12: 0 | CI12: 0 | CJ12: 0 | CK12: 0 | CL12: 0 | CM12: 0 | CN12: 0 | CO12: 0 | CP12: 0 | CQ12: 0 | CR12: 0 | CS12: 0 | CT12: 0 | CU12: 0 | CV12: 0 | CW12: 0 | CX12: 0 | CY12: 0
A13: Frail Population.frail diagnosed[Other, female, age] | B13: 0 | C13: 0 | D13: 0 | E13: 0 | F13: 0 | G13: 0 | H13: 0 | I13: 0 | J13: 0 | K13: 0 | L13: 0 | M13: 0 | N13: 0 | O13: 0 | P13: 0 | Q13: 0 | R13: 0 | S13: 0 | T13: 0 | U13: 0 | V13: 0 | W13: 0 | X13: 0 | Y13: 0 | Z13: 0 | AA13: 0 | AB13: 0 | AC13: 0 | AD13: 0 | AE13: 0 | AF13: 0 | AG13: 0 | AH13: 0 | AI13: 0 | AJ13: 0 | AK13: 0 | AL13: 0 | AM13: 0 | AN13: 0 | AO13: 0 | AP13: 0 | AQ13: 0 | AR13: 0 | AS13: 0 | AT13: 0 | AU13: 0 | AV13: 0 | AW13: 0 | AX13: 0 | AY13: 0 | AZ13: 0 | BA13: 0 | BB13: 0 | BC13: 0 | BD13: 0 | BE13: 0 | BF13: 0 | BG13: 0 | BH13: 0 | BI13: 0 | BJ13: 0 | BK13: 0 | BL13: 0 | BM13: 0 | BN13: 0 | BO13: 0 | BP13: 0 | BQ13: 0 | BR13: 0 | BS13: 0 | BT13: 0 | BU13: 0 | BV13: 0 | BW13: 0 | BX13: 0 | BY13: 0 | BZ13: 0 | CA13: 0 | CB13: 0 | CC13: 0 | CD13: 0 | CE13: 0 | CF13: 0 | CG13: 0 | CH13: 0 | CI13: 0 | CJ13: 0 | CK13: 0 | CL13: 0 | CM13: 0 | CN13: 0 | CO13: 0 | CP13: 0 | CQ13: 0 | CR13: 0 | CS13: 0 | CT13: 0 | CU13: 0 | CV13: 0 | CW13: 0 | CX13: 0 | CY13: 0
A14: Frail Population.pre-frail diagnosed[Chinese, male, age] | B14: 0 | C14: 0 | D14: 0 | E14: 0 | F14: 0 | G14: 0 | H14: 0 | I14: 0 | J14: 0 | K14: 0 | L14: 0 | M14: 0 | N14: 0 | O14: 0 | P14: 0 | Q14: 0 | R14: 0 | S14: 0 | T14: 0 | U14: 0 | V14: 0 | W14: 0 | X14: 0 | Y14: 0 | Z14: 0 | AA14: 0 | AB14: 0 | AC14: 0 | AD14: 0 | AE14: 0 | AF14: 0 | AG14: 0 | AH14: 0 | AI14: 0 | AJ14: 0 | AK14: 0 | AL14: 0 | AM14: 0 | AN14: 0 | AO14: 0 | AP14: 0 | AQ14: 0 | AR14: 0 | AS14: 0 | AT14: 0 | AU14: 0 | AV14: 0 | AW14: 0 | AX14: 0 | AY14: 0 | AZ14: 0 | BA14: 0 | BB14: 0 | BC14: 0 | BD14: 0 | BE14: 0 | BF14: 0 | BG14: 0 | BH14: 0 | BI14: 0 | BJ14: 0 | BK14: 0 | BL14: 0 | BM14: 0 | BN14: 0 | BO14: 0 | BP14: 0 | BQ14: 0 | BR14: 0 | BS14: 0 | BT14: 0 | BU14: 0 | BV14: 0 | BW14: 0 | BX14: 0 | BY14: 0 | BZ14: 0 | CA14: 0 | CB14: 0 | CC14: 0 | CD14: 0 | CE14: 0 | CF14: 0 | CG14: 0 | CH14: 0 | CI14: 0 | CJ14: 0 | CK14: 0 | CL14: 0 | CM14: 0 | CN14: 0 | CO14: 0 | CP14: 0 | CQ14: 0 | CR14: 0 | CS14: 0 | CT14: 0 | CU14: 0 | CV14: 0 | CW14: 0 | CX14: 0 | CY14: 0
A15: Frail Population.pre-frail diagnosed[Chinese, female, age] | B15: 0 | C15: 0 | D15: 0 | E15: 0 | F15: 0 | G15: 0 | H15: 0 | I15: 0 | J15: 0 | K15: 0 | L15: 0 | M15: 0 | N15: 0 | O15: 0 | P15: 0 | Q15: 0 | R15: 0 | S15: 0 | T15: 0 | U15: 0 | V15: 0 | W15: 0 | X15: 0 | Y15: 0 | Z15: 0 | AA15: 0 | AB15: 0 | AC15: 0 | AD15: 0 | AE15: 0 | AF15: 0 | AG15: 0 | AH15: 0 | AI15: 0 | AJ15: 0 | AK15: 0 | AL15: 0 | AM15: 0 | AN15: 0 | AO15: 0 | AP15: 0 | AQ15: 0 | AR15: 0 | AS15: 0 | AT15: 0 | AU15: 0 | AV15: 0 | AW15: 0 | AX15: 0 | AY15: 0 | AZ15: 0 | BA15: 0 | BB15: 0 | BC15: 0 | BD15: 0 | BE15: 0 | BF15: 0 | BG15: 0 | BH15: 0 | BI15: 0 | BJ15: 0 | BK15: 0 | BL15: 0 | BM15: 0 | BN15: 0 | BO15: 0 | BP15: 0 | BQ15: 0 | BR15: 0 | BS15: 0 | BT15: 0 | BU15: 0 | BV15: 0 | BW15: 0 | BX15: 0 | BY15: 0 | BZ15: 0 | CA15: 0 | CB15: 0 | CC15: 0 | CD15: 0 | CE15: 0 | CF15: 0 | CG15: 0 | CH15: 0 | CI15: 0 | CJ15: 0 | CK15: 0 | CL15: 0 | CM15: 0 | CN15: 0 | CO15: 0 | CP15: 0 | CQ15: 0 | CR15: 0 | CS15: 0 | CT15: 0 | CU15: 0 | CV15: 0 | CW15: 0 | CX15: 0 | CY15: 0
A16: Frail Population.pre-frail diagnosed[Malay, male, age] | B16: 0 | C16: 0 | D16: 0 | E16: 0 | F16: 0 | G16: 0 | H16: 0 | I16: 0 | J16: 0 | K16: 0 | L16: 0 | M16: 0 | N16: 0 | O16: 0 | P16: 0 | Q16: 0 | R16: 0 | S16: 0 | T16: 0 | U16: 0 | V16: 0 | W16: 0 | X16: 0 | Y16: 0 | Z16: 0 | AA16: 0 | AB16: 0 | AC16: 0 | AD16: 0 | AE16: 0 | AF16: 0 | AG16: 0 | AH16: 0 | AI16: 0 | AJ16: 0 | AK16: 0 | AL16: 0 | AM16: 0 | AN16: 0 | AO16: 0 | AP16: 0 | AQ16: 0 | AR16: 0 | AS16: 0 | AT16: 0 | AU16: 0 | AV16: 0 | AW16: 0 | AX16: 0 | AY16: 0 | AZ16: 0 | BA16: 0 | BB16: 0 | BC16: 0 | BD16: 0 | BE16: 0 | BF16: 0 | BG16: 0 | BH16: 0 | BI16: 0 | BJ16: 0 | BK16: 0 | BL16: 0 | BM16: 0 | BN16: 0 | BO16: 0 | BP16: 0 | BQ16: 0 | BR16: 0 | BS16: 0 | BT16: 0 | BU16: 0 | BV16: 0 | BW16: 0 | BX16: 0 | BY16: 0 | BZ16: 0 | CA16: 0 | CB16: 0 | CC16: 0 | CD16: 0 | CE16: 0 | CF16: 0 | CG16: 0 | CH16: 0 | CI16: 0 | CJ16: 0 | CK16: 0 | CL16: 0 | CM16: 0 | CN16: 0 | CO16: 0 | CP16: 0 | CQ16: 0 | CR16: 0 | CS16: 0 | CT16: 0 | CU16: 0 | CV16: 0 | CW16: 0 | CX16: 0 | CY16: 0
A17: Frail Population.pre-frail diagnosed[Malay, female, age] | B17: 0 | C17: 0 | D17: 0 | E17: 0 | F17: 0 | G17: 0 | H17: 0 | I17: 0 | J17: 0 | K17: 0 | L17: 0 | M17: 0 | N17: 0 | O17: 0 | P17: 0 | Q17: 0 | R17: 0 | S17: 0 | T17: 0 | U17: 0 | V17: 0 | W17: 0 | X17: 0 | Y17: 0 | Z17: 0 | AA17: 0 | AB17: 0 | AC17: 0 | AD17: 0 | AE17: 0 | AF17: 0 | AG17: 0 | AH17: 0 | AI17: 0 | AJ17: 0 | AK17: 0 | AL17: 0 | AM17: 0 | AN17: 0 | AO17: 0 | AP17: 0 | AQ17: 0 | AR17: 0 | AS17: 0 | AT17: 0 | AU17: 0 | AV17: 0 | AW17: 0 | AX17: 0 | AY17: 0 | AZ17: 0 | BA17: 0 | BB17: 0 | BC17: 0 | BD17: 0 | BE17: 0 | BF17: 0 | BG17: 0 | BH17: 0 | BI17: 0 | BJ17: 0 | BK17: 0 | BL17: 0 | BM17: 0 | BN17: 0 | BO17: 0 | BP17: 0 | BQ17: 0 | BR17: 0 | BS17: 0 | BT17: 0 | BU17: 0 | BV17: 0 | BW17: 0 | BX17: 0 | BY17: 0 | BZ17: 0 | CA17: 0 | CB17: 0 | CC17: 0 | CD17: 0 | CE17: 0 | CF17: 0 | CG17: 0 | CH17: 0 | CI17: 0 | CJ17: 0 | CK17: 0 | CL17: 0 | CM17: 0 | CN17: 0 | CO17: 0 | CP17: 0 | CQ17: 0 | CR17: 0 | CS17: 0 | CT17: 0 | CU17: 0 | CV17: 0 | CW17: 0 | CX17: 0 | CY17: 0
... A21: Frail Population.pre-frail diagnosed[Other, female, age] | B21: 0 | C21: 0 | D21: 0 | E21: 0 | F21: 0 | G21: 0 | H21: 0 | I21: 0 | J21: 0 | K21: 0 | L21: 0 | M21: 0 | N21: 0 | O21: 0 | P21: 0 | Q21: 0 | R21: 0 | S21: 0 | T21: 0 | U21: 0 | V21: 0 | W21: 0 | X21: 0 | Y21: 0 | Z21: 0 | AA21: 0 | AB21: 0 | AC21: 0 | AD21: 0 | AE21: 0 | AF21: 0 | AG21: 0 | AH21: 0 | AI21: 0 | AJ21: 0 | AK21: 0 | AL21: 0 | AM21: 0 | AN21: 0 | AO21: 0 | AP21: 0 | AQ21: 0 | AR21: 0 | AS21: 0 | AT21: 0 | AU21: 0 | AV21: 0 | AW21: 0 | AX21: 0 | AY21: 0 | AZ21: 0 | BA21: 0 | BB21: 0 | BC21: 0 | BD21: 0 | BE21: 0 | BF21: 0 | BG21: 0 | BH21: 0 | BI21: 0 | BJ21: 0 | BK21: 0 | BL21: 0 | BM21: 0 | BN21: 0 | BO21: 0 | BP21: 0 | BQ21: 0 | BR21: 0 | BS21: 0 | BT21: 0 | BU21: 0 | BV21: 0 | BW21: 0 | BX21: 0 | BY21: 0 | BZ21: 0 | CA21: 0 | CB21: 0 | CC21: 0 | CD21: 0 | CE21: 0 | CF21: 0 | CG21: 0 | CH21: 0 | CI21: 0 | CJ21: 0 | CK21: 0 | CL21: 0 | CM21: 0 | CN21: 0 | CO21: 0 | CP21: 0 | CQ21: 0 | CR21: 0 | CS21: 0 | CT21: 0 | CU21: 0 | CV21: 0 | CW21: 0 | CX21: 0 | CY21: 0
A23: Prevalence initial stocks (two stocks; zero until 60) | B23: NewBorn | C23: Age00 | D23: Age01 | E23: Age02 | F23: Age03 | G23: Age04 | H23: Age05 | I23: Age06 | J23: Age07 | K23: Age08 | L23: Age09 | M23: Age10 | N23: Age11 | O23: Age12 | P23: Age13 | Q23: Age14 | R23: Age15 | S23: Age16 | T23: Age17 | U23: Age18 | V23: Age19 | W23: Age20 | X23: Age21 | Y23: Age22 | Z23: Age23 | AA23: Age24 | AB23: Age25 | AC23: Age26 | AD23: Age27 | AE23: Age28 | AF23: Age29 | AG23: Age30 | AH23: Age31 | AI23: Age32 | AJ23: Age33 | AK23: Age34 | AL23: Age35 | AM23: Age36 | AN23: Age37 | AO23: Age38 | AP23: Age39 | AQ23: Age40 | AR23: Age41 | AS23: Age42 | AT23: Age43 | AU23: Age44 | AV23: Age45 | AW23: Age46 | AX23: Age47 | AY23: Age48 | AZ23: Age49 | BA23: Age50 | BB23: Age51 | BC23: Age52 | BD23: Age53 | BE23: Age54 | BF23: Age55 | BG23: Age56 | BH23: Age57 | BI23: Age58 | BJ23: Age59 | BK23: Age60 | BL23: Age61 | BM23: Age62 | BN23: Age63 | BO23: Age64 | BP23: Age65 | BQ23: Age66 | BR23: Age67 | BS23: Age68 | BT23: Age69 | BU23: Age70 | BV23: Age71 | BW23: Age72 | BX23: Age73 | BY23: Age74 | BZ23: Age75 | CA23: Age76 | CB23: Age77 | CC23: Age78 | CD23: Age79 | CE23: Age80 | CF23: Age81 | CG23: Age82 | CH23: Age83 | CI23: Age84 | CJ23: Age85 | CK23: Age86 | CL23: Age87 | CM23: Age88 | CN23: Age89 | CO23: Age90 | CP23: Age91 | CQ23: Age92 | CR23: Age93 | CS23: Age94 | CT23: Age95 | CU23: Age96 | CV23: Age97 | CW23: Age98 | CX23: Age99 | CY23: Age100and Over
A24: Frail Population.initial frailty prevalence[Chinese, male, age] | B24: 0 | C24: ='5f. Prevalence 6'!B2 -> 0 | D24: ='5f. Prevalence 6'!C2 -> 0 | E24: ='5f. Prevalence 6'!D2 -> 0 | F24: ='5f. Prevalence 6'!E2 -> 0 | G24: ='5f. Prevalence 6'!F2 -> 0 | H24: ='5f. Prevalence 6'!G2 -> 0 | I24: ='5f. Prevalence 6'!H2 -> 0 | J24: ='5f. Prevalence 6'!I2 -> 0 | ... CJ24: ='5f. Prevalence 6'!CI2 -> 0.25780987 | CK24: =CJ24 -> 0.25780987 | CL24: =CK24 -> 0.25780987 | CM24: =CL24 -> 0.25780987 | CN24: =CM24 -> 0.25780987 | CO24: =CN24 -> 0.25780987 | CP24: =CO24 -> 0.25780987 | CQ24: =CP24 -> 0.25780987 | CR24: =CQ24 -> 0.25780987 | ... CY24: =CX24 -> 0.25780987
A25: Frail Population.initial frailty prevalence[Chinese, female, age] | B25: 0 | C25: ='5f. Prevalence 6'!B3 -> 0 | D25: ='5f. Prevalence 6'!C3 -> 0 | E25: ='5f. Prevalence 6'!D3 -> 0 | F25: ='5f. Prevalence 6'!E3 -> 0 | G25: ='5f. Prevalence 6'!F3 -> 0 | H25: ='5f. Prevalence 6'!G3 -> 0 | I25: ='5f. Prevalence 6'!H3 -> 0 | J25: ='5f. Prevalence 6'!I3 -> 0 | ... CJ25: ='5f. Prevalence 6'!CI3 -> 0.25222712 | CK25: =CJ25 -> 0.25222712 | CL25: =CK25 -> 0.25222712 | CM25: =CL25 -> 0.25222712 | CN25: =CM25 -> 0.25222712 | CO25: =CN25 -> 0.25222712 | CP25: =CO25 -> 0.25222712 | CQ25: =CP25 -> 0.25222712 | CR25: =CQ25 -> 0.25222712 | ... CY25: =CX25 -> 0.25222712
A26: Frail Population.initial frailty prevalence[Malay, male, age] | B26: 0 | C26: ='5f. Prevalence 6'!B4 -> 0 | D26: ='5f. Prevalence 6'!C4 -> 0 | E26: ='5f. Prevalence 6'!D4 -> 0 | F26: ='5f. Prevalence 6'!E4 -> 0 | G26: ='5f. Prevalence 6'!F4 -> 0 | H26: ='5f. Prevalence 6'!G4 -> 0 | I26: ='5f. Prevalence 6'!H4 -> 0 | J26: ='5f. Prevalence 6'!I4 -> 0 | ... CJ26: ='5f. Prevalence 6'!CI4 -> 0.27895342 | CK26: =CJ26 -> 0.27895342 | CL26: =CK26 -> 0.27895342 | CM26: =CL26 -> 0.27895342 | CN26: =CM26 -> 0.27895342 | CO26: =CN26 -> 0.27895342 | CP26: =CO26 -> 0.27895342 | CQ26: =CP26 -> 0.27895342 | CR26: =CQ26 -> 0.27895342 | ... CY26: =CX26 -> 0.27895342
A27: Frail Population.initial frailty prevalence[Malay, female, age] | B27: 0 | C27: ='5f. Prevalence 6'!B5 -> 0 | D27: ='5f. Prevalence 6'!C5 -> 0 | E27: ='5f. Prevalence 6'!D5 -> 0 | F27: ='5f. Prevalence 6'!E5 -> 0 | G27: ='5f. Prevalence 6'!F5 -> 0 | H27: ='5f. Prevalence 6'!G5 -> 0 | I27: ='5f. Prevalence 6'!H5 -> 0 | J27: ='5f. Prevalence 6'!I5 -> 0 | ... CJ27: ='5f. Prevalence 6'!CI5 -> 0.26823531 | CK27: =CJ27 -> 0.26823531 | CL27: =CK27 -> 0.26823531 | CM27: =CL27 -> 0.26823531 | CN27: =CM27 -> 0.26823531 | CO27: =CN27 -> 0.26823531 | CP27: =CO27 -> 0.26823531 | CQ27: =CP27 -> 0.26823531 | CR27: =CQ27 -> 0.26823531 | ... CY27: =CX27 -> 0.26823531
A28: Frail Population.initial frailty prevalence[Indian, male, age] | B28: 0 | C28: ='5f. Prevalence 6'!B6 -> 0 | D28: ='5f. Prevalence 6'!C6 -> 0 | E28: ='5f. Prevalence 6'!D6 -> 0 | F28: ='5f. Prevalence 6'!E6 -> 0 | G28: ='5f. Prevalence 6'!F6 -> 0 | H28: ='5f. Prevalence 6'!G6 -> 0 | I28: ='5f. Prevalence 6'!H6 -> 0 | J28: ='5f. Prevalence 6'!I6 -> 0 | ... CJ28: ='5f. Prevalence 6'!CI6 -> 0.28611671 | CK28: =CJ28 -> 0.28611671 | CL28: =CK28 -> 0.28611671 | CM28: =CL28 -> 0.28611671 | CN28: =CM28 -> 0.28611671 | CO28: =CN28 -> 0.28611671 | CP28: =CO28 -> 0.28611671 | CQ28: =CP28 -> 0.28611671 | CR28: =CQ28 -> 0.28611671 | ... CY28: =CX28 -> 0.28611671
A29: Frail Population.initial frailty prevalence[Indian, female, age] | B29: 0 | C29: ='5f. Prevalence 6'!B7 -> 0 | D29: ='5f. Prevalence 6'!C7 -> 0 | E29: ='5f. Prevalence 6'!D7 -> 0 | F29: ='5f. Prevalence 6'!E7 -> 0 | G29: ='5f. Prevalence 6'!F7 -> 0 | H29: ='5f. Prevalence 6'!G7 -> 0 | I29: ='5f. Prevalence 6'!H7 -> 0 | J29: ='5f. Prevalence 6'!I7 -> 0 | ... CJ29: ='5f. Prevalence 6'!CI7 -> 0.27730361 | CK29: =CJ29 -> 0.27730361 | CL29: =CK29 -> 0.27730361 | CM29: =CL29 -> 0.27730361 | CN29: =CM29 -> 0.27730361 | CO29: =CN29 -> 0.27730361 | CP29: =CO29 -> 0.27730361 | CQ29: =CP29 -> 0.27730361 | CR29: =CQ29 -> 0.27730361 | ... CY29: =CX29 -> 0.27730361
A30: Frail Population.initial frailty prevalence[Other, male, age] | B30: 0 | C30: ='5f. Prevalence 6'!B8 -> 0 | D30: ='5f. Prevalence 6'!C8 -> 0 | E30: ='5f. Prevalence 6'!D8 -> 0 | F30: ='5f. Prevalence 6'!E8 -> 0 | G30: ='5f. Prevalence 6'!F8 -> 0 | H30: ='5f. Prevalence 6'!G8 -> 0 | I30: ='5f. Prevalence 6'!H8 -> 0 | J30: ='5f. Prevalence 6'!I8 -> 0 | ... CJ30: ='5f. Prevalence 6'!CI8 -> 0.32372303 | CK30: =CJ30 -> 0.32372303 | CL30: =CK30 -> 0.32372303 | CM30: =CL30 -> 0.32372303 | CN30: =CM30 -> 0.32372303 | CO30: =CN30 -> 0.32372303 | CP30: =CO30 -> 0.32372303 | CQ30: =CP30 -> 0.32372303 | CR30: =CQ30 -> 0.32372303 | ... CY30: =CX30 -> 0.32372303
A31: Frail Population.initial frailty prevalence[Other, female, age] | B31: 0 | C31: ='5f. Prevalence 6'!B9 -> 0 | D31: ='5f. Prevalence 6'!C9 -> 0 | E31: ='5f. Prevalence 6'!D9 -> 0 | F31: ='5f. Prevalence 6'!E9 -> 0 | G31: ='5f. Prevalence 6'!F9 -> 0 | H31: ='5f. Prevalence 6'!G9 -> 0 | I31: ='5f. Prevalence 6'!H9 -> 0 | J31: ='5f. Prevalence 6'!I9 -> 0 | ... CJ31: ='5f. Prevalence 6'!CI9 -> 0.32027894 | CK31: =CJ31 -> 0.32027894 | CL31: =CK31 -> 0.32027894 | CM31: =CL31 -> 0.32027894 | CN31: =CM31 -> 0.32027894 | CO31: =CN31 -> 0.32027894 | CP31: =CO31 -> 0.32027894 | CQ31: =CP31 -> 0.32027894 | CR31: =CQ31 -> 0.32027894 | ... CY31: =CX31 -> 0.32027894
A32: Frail Population.Initial prefrailty prevalance[Chinese, male, age] | B32: 0 | C32: ='5f. Prevalence 6'!B10 -> 0 | D32: ='5f. Prevalence 6'!C10 -> 0 | E32: ='5f. Prevalence 6'!D10 -> 0 | F32: ='5f. Prevalence 6'!E10 -> 0 | G32: ='5f. Prevalence 6'!F10 -> 0 | H32: ='5f. Prevalence 6'!G10 -> 0 | I32: ='5f. Prevalence 6'!H10 -> 0 | J32: ='5f. Prevalence 6'!I10 -> 0 | ... CJ32: ='5f. Prevalence 6'!CI10 -> 0.49650418 | CK32: =CJ32 -> 0.49650418 | CL32: =CK32 -> 0.49650418 | CM32: =CL32 -> 0.49650418 | CN32: =CM32 -> 0.49650418 | CO32: =CN32 -> 0.49650418 | CP32: =CO32 -> 0.49650418 | CQ32: =CP32 -> 0.49650418 | CR32: =CQ32 -> 0.49650418 | ... CY32: =CX32 -> 0.49650418
A33: Frail Population.Initial prefrailty prevalance[Chinese, female, age] | B33: 0 | C33: ='5f. Prevalence 6'!B11 -> 0 | D33: ='5f. Prevalence 6'!C11 -> 0 | E33: ='5f. Prevalence 6'!D11 -> 0 | F33: ='5f. Prevalence 6'!E11 -> 0 | G33: ='5f. Prevalence 6'!F11 -> 0 | H33: ='5f. Prevalence 6'!G11 -> 0 | I33: ='5f. Prevalence 6'!H11 -> 0 | J33: ='5f. Prevalence 6'!I11 -> 0 | ... CJ33: ='5f. Prevalence 6'!CI11 -> 0.54832431 | CK33: =CJ33 -> 0.54832431 | CL33: =CK33 -> 0.54832431 | CM33: =CL33 -> 0.54832431 | CN33: =CM33 -> 0.54832431 | CO33: =CN33 -> 0.54832431 | CP33: =CO33 -> 0.54832431 | CQ33: =CP33 -> 0.54832431 | CR33: =CQ33 -> 0.54832431 | ... CY33: =CX33 -> 0.54832431
A34: Frail Population.Initial prefrailty prevalance[Malay, male, age] | B34: 0 | C34: ='5f. Prevalence 6'!B12 -> 0 | D34: ='5f. Prevalence 6'!C12 -> 0 | E34: ='5f. Prevalence 6'!D12 -> 0 | F34: ='5f. Prevalence 6'!E12 -> 0 | G34: ='5f. Prevalence 6'!F12 -> 0 | H34: ='5f. Prevalence 6'!G12 -> 0 | I34: ='5f. Prevalence 6'!H12 -> 0 | J34: ='5f. Prevalence 6'!I12 -> 0 | ... CJ34: ='5f. Prevalence 6'!CI12 -> 0.54407203 | CK34: =CJ34 -> 0.54407203 | CL34: =CK34 -> 0.54407203 | CM34: =CL34 -> 0.54407203 | CN34: =CM34 -> 0.54407203 | CO34: =CN34 -> 0.54407203 | CP34: =CO34 -> 0.54407203 | CQ34: =CP34 -> 0.54407203 | CR34: =CQ34 -> 0.54407203 | ... CY34: =CX34 -> 0.54407203
A35: Frail Population.Initial prefrailty prevalance[Malay, female, age] | B35: 0 | C35: ='5f. Prevalence 6'!B13 -> 0 | D35: ='5f. Prevalence 6'!C13 -> 0 | E35: ='5f. Prevalence 6'!D13 -> 0 | F35: ='5f. Prevalence 6'!E13 -> 0 | G35: ='5f. Prevalence 6'!F13 -> 0 | H35: ='5f. Prevalence 6'!G13 -> 0 | I35: ='5f. Prevalence 6'!H13 -> 0 | J35: ='5f. Prevalence 6'!I13 -> 0 | ... CJ35: ='5f. Prevalence 6'!CI13 -> 0.59055861 | CK35: =CJ35 -> 0.59055861 | CL35: =CK35 -> 0.59055861 | CM35: =CL35 -> 0.59055861 | CN35: =CM35 -> 0.59055861 | CO35: =CN35 -> 0.59055861 | CP35: =CO35 -> 0.59055861 | CQ35: =CP35 -> 0.59055861 | CR35: =CQ35 -> 0.59055861 | ... CY35: =CX35 -> 0.59055861
... A39: Frail Population.Initial prefrailty prevalance[Other, female, age] | B39: 0 | C39: ='5f. Prevalence 6'!B17 -> 0 | D39: ='5f. Prevalence 6'!C17 -> 0 | E39: ='5f. Prevalence 6'!D17 -> 0 | F39: ='5f. Prevalence 6'!E17 -> 0 | G39: ='5f. Prevalence 6'!F17 -> 0 | H39: ='5f. Prevalence 6'!G17 -> 0 | I39: ='5f. Prevalence 6'!H17 -> 0 | J39: ='5f. Prevalence 6'!I17 -> 0 | ... CJ39: ='5f. Prevalence 6'!CI17 -> 0.47009343 | CK39: =CJ39 -> 0.47009343 | CL39: =CK39 -> 0.47009343 | CM39: =CL39 -> 0.47009343 | CN39: =CM39 -> 0.47009343 | CO39: =CN39 -> 0.47009343 | CP39: =CO39 -> 0.47009343 | CQ39: =CP39 -> 0.47009343 | CR39: =CQ39 -> 0.47009343 | ... CY39: =CX39 -> 0.47009343
A41: Mortality relative risks
A42: Frail Population.relative risk mortality pre-frail diagnosed | B42: 1.58
A43: Frail Population.multiplying factor for mortality of frail people | B43: 1.44
A45: Prefrail-> Frail transition relative risks
A46: Frail Population.RR of transition for well managed | B46: 0.46
A47: Frail Population.proportion well managed | B47: 0.7
A50: Frailty transition rates; zero until 50, capped at 85
A51: Frail Population.raw incidence rate pre-frail to frail[male, age] | B51: 0 | C51: 0 | D51: 0 | E51: 0 | F51: 0 | G51: 0 | H51: 0 | I51: 0 | J51: 0 | K51: 0 | L51: 0 | M51: 0 | N51: 0 | O51: 0 | P51: 0 | Q51: 0 | R51: 0 | S51: 0 | T51: 0 | U51: 0 | V51: 0 | W51: 0 | X51: 0 | Y51: 0 | Z51: 0 | AA51: 0 | AB51: 0 | AC51: 0 | AD51: 0 | AE51: 0 | AF51: 0 | AG51: 0 | AH51: 0 | AI51: 0 | AJ51: 0 | AK51: 0 | AL51: 0 | AM51: 0 | AN51: 0 | AO51: 0 | AP51: 0 | AQ51: 0 | AR51: 0 | AS51: 0 | AT51: 0 | AU51: 0 | AV51: 0 | AW51: 0 | AX51: 0 | AY51: 0 | AZ51: 0 | BA51: 0.022167524 | BB51: 0.023622023 | BC51: 0.025165314 | BD51: 0.026801955 | BE51: 0.028536628 | BF51: 0.030374128 | BG51: 0.032319351 | BH51: 0.034377278 | BI51: 0.036552958 | BJ51: 0.038851486 | BK51: 0.041277982 | BL51: 0.043837566 | BM51: 0.046535327 | BN51: 0.049376297 | BO51: 0.052365413 | BP51: 0.055507487 | BQ51: 0.058807163 | BR51: 0.062268884 | BS51: 0.065896848 | BT51: 0.069694966 | BU51: 0.073666823 | BV51: 0.077815636 | BW51: 0.082144209 | BX51: 0.086654898 | BY51: 0.091349572 | BZ51: 0.096229576 | CA51: 0.1012957 | CB51: 0.10654816 | CC51: 0.11198655 | CD51: 0.11760987 | CE51: 0.12341646 | CF51: 0.12940403 | CG51: 0.13556965 | CH51: 0.14190977 | CI51: 0.1484202 | CJ51: 0.15509617 | CK51: 0.15509617 | CL51: 0.15509617 | CM51: 0.15509617 | CN51: 0.15509617 | CO51: 0.15509617 | CP51: 0.15509617 | CQ51: 0.15509617 | CR51: 0.15509617 | CS51: 0.15509617 | CT51: 0.15509617 | CU51: 0.15509617 | CV51: 0.15509617 | CW51: 0.15509617 | CX51: 0.15509617 | CY51: 0.15509617
A52: Frail Population.raw incidence rate pre-frail to frail[female, age] | B52: 0 | C52: 0 | D52: 0 | E52: 0 | F52: 0 | G52: 0 | H52: 0 | I52: 0 | J52: 0 | K52: 0 | L52: 0 | M52: 0 | N52: 0 | O52: 0 | P52: 0 | Q52: 0 | R52: 0 | S52: 0 | T52: 0 | U52: 0 | V52: 0 | W52: 0 | X52: 0 | Y52: 0 | Z52: 0 | AA52: 0 | AB52: 0 | AC52: 0 | AD52: 0 | AE52: 0 | AF52: 0 | AG52: 0 | AH52: 0 | AI52: 0 | AJ52: 0 | AK52: 0 | AL52: 0 | AM52: 0 | AN52: 0 | AO52: 0 | AP52: 0 | AQ52: 0 | AR52: 0 | AS52: 0 | AT52: 0 | AU52: 0 | AV52: 0 | AW52: 0 | AX52: 0 | AY52: 0 | AZ52: 0 | BA52: 0.020286957 | BB52: 0.021625475 | BC52: 0.023046681 | BD52: 0.024554944 | BE52: 0.026154771 | BF52: 0.027850797 | BG52: 0.029647775 | BH52: 0.031550562 | BI52: 0.03356411 | BJ52: 0.035693442 | BK52: 0.037943639 | BL52: 0.040319813 | BM52: 0.042827089 | BN52: 0.045470569 | BO52: 0.048255313 | BP52: 0.051186298 | BQ52: 0.054268389 | BR52: 0.057506301 | BS52: 0.060904558 | BT52: 0.064467458 | BU52: 0.068199031 | BV52: 0.072102991 | BW52: 0.076182704 | BX52: 0.080441138 | BY52: 0.08488083 | BZ52: 0.08950384 | CA52: 0.094311722 | CB52: 0.099305486 | CC52: 0.10448557 | CD52: 0.10985182 | CE52: 0.11540346 | CF52: 0.12113908 | CG52: 0.12705666 | CH52: 0.1331535 | CI52: 0.13942629 | CJ52: 0.1458711 | CK52: 0.1458711 | CL52: 0.1458711 | CM52: 0.1458711 | CN52: 0.1458711 | CO52: 0.1458711 | CP52: 0.1458711 | CQ52: 0.1458711 | CR52: 0.1458711 | CS52: 0.1458711 | CT52: 0.1458711 | CU52: 0.1458711 | CV52: 0.1458711 | CW52: 0.1458711 | CX52: 0.1458711 | CY52: 0.1458711
A53: Frail Population.raw incidence rate robust to pre-frail[male, age] | B53: 0 | C53: 0 | D53: 0 | E53: 0 | F53: 0 | G53: 0 | H53: 0 | I53: 0 | J53: 0 | K53: 0 | L53: 0 | M53: 0 | N53: 0 | O53: 0 | P53: 0 | Q53: 0 | R53: 0 | S53: 0 | T53: 0 | U53: 0 | V53: 0 | W53: 0 | X53: 0 | Y53: 0 | Z53: 0 | AA53: 0 | AB53: 0 | AC53: 0 | AD53: 0 | AE53: 0 | AF53: 0 | AG53: 0 | AH53: 0 | AI53: 0 | AJ53: 0 | AK53: 0 | AL53: 0 | AM53: 0 | AN53: 0 | AO53: 0 | AP53: 0 | AQ53: 0 | AR53: 0 | AS53: 0 | AT53: 0 | AU53: 0 | AV53: 0 | AW53: 0 | AX53: 0 | AY53: 0 | AZ53: 0 | BA53: 0.051031205 | BB53: 0.054064947 | BC53: 0.057247801 | BD53: 0.060583665 | BE53: 0.06407618 | BF53: 0.067728696 | BG53: 0.07154423 | BH53: 0.075525432 | BI53: 0.079674551 | BJ53: 0.083993397 | BK53: 0.088483313 | BL53: 0.093145143 | BM53: 0.097979214 | BN53: 0.10298531 | BO53: 0.10816265 | BP53: 0.1135099 | BQ53: 0.11902515 | BR53: 0.12470589 | BS53: 0.13054909 | BT53: 0.13655113 | BU53: 0.14270786 | BV53: 0.14901464 | BW53: 0.1554663 | BX53: 0.16205727 | BY53: 0.16878151 | BZ53: 0.17563266 | CA53: 0.18260398 | CB53: 0.18968848 | CC53: 0.19687891 | CD53: 0.20416783 | CE53: 0.21154767 | CF53: 0.21901074 | CG53: 0.22654932 | CH53: 0.23415566 | CI53: 0.24182206 | CJ53: 0.24954089 | CK53: 0.24954089 | CL53: 0.24954089 | CM53: 0.24954089 | CN53: 0.24954089 | CO53: 0.24954089 | CP53: 0.24954089 | CQ53: 0.24954089 | CR53: 0.24954089 | CS53: 0.24954089 | CT53: 0.24954089 | CU53: 0.24954089 | CV53: 0.24954089 | CW53: 0.24954089 | CX53: 0.24954089 | CY53: 0.24954089
A54: Frail Population.raw incidence rate robust to pre-frail[female, age] | B54: 0 | C54: 0 | D54: 0 | E54: 0 | F54: 0 | G54: 0 | H54: 0 | I54: 0 | J54: 0 | K54: 0 | L54: 0 | M54: 0 | N54: 0 | O54: 0 | P54: 0 | Q54: 0 | R54: 0 | S54: 0 | T54: 0 | U54: 0 | V54: 0 | W54: 0 | X54: 0 | Y54: 0 | Z54: 0 | AA54: 0 | AB54: 0 | AC54: 0 | AD54: 0 | AE54: 0 | AF54: 0 | AG54: 0 | AH54: 0 | AI54: 0 | AJ54: 0 | AK54: 0 | AL54: 0 | AM54: 0 | AN54: 0 | AO54: 0 | AP54: 0 | AQ54: 0 | AR54: 0 | AS54: 0 | AT54: 0 | AU54: 0 | AV54: 0 | AW54: 0 | AX54: 0 | AY54: 0 | AZ54: 0 | BA54: 0.047058432 | BB54: 0.049891999 | BC54: 0.052868913 | BD54: 0.055993365 | BE54: 0.05926934 | BF54: 0.062700585 | BG54: 0.066290567 | BH54: 0.070042435 | BI54: 0.073958989 | BJ54: 0.078042637 | BK54: 0.082295361 | BL54: 0.086718692 | BM54: 0.091313669 | BN54: 0.096080824 | BO54: 0.10102015 | BP54: 0.1061311 | BQ54: 0.11141254 | BR54: 0.11686278 | BS54: 0.12247957 | BT54: 0.12826006 | BU54: 0.13420085 | BV54: 0.14029802 | BW54: 0.14654709 | BX54: 0.15294311 | BY54: 0.15948065 | BZ54: 0.16615385 | CA54: 0.17295648 | CB54: 0.17988194 | CC54: 0.18692332 | CD54: 0.19407347 | CE54: 0.20132503 | CF54: 0.20867045 | CG54: 0.21610211 | CH54: 0.22361227 | CI54: 0.2311932 | CJ54: 0.23883719 | CK54: 0.23883719 | CL54: 0.23883719 | CM54: 0.23883719 | CN54: 0.23883719 | CO54: 0.23883719 | CP54: 0.23883719 | CQ54: 0.23883719 | CR54: 0.23883719 | CS54: 0.23883719 | CT54: 0.23883719 | CU54: 0.23883719 | CV54: 0.23883719 | CW54: 0.23883719 | CX54: 0.23883719 | CY54: 0.23883719
A58: Frail Population.frailty start age | B58: 50

Sheet 4. Frailty screening
A1: Frailty screening
A2: Screening.screening cap opportunistic | B2: 10000
A3: Screening.screening cap universal | B3: 50000
A4: Screening.screening sensitivity | B4: 0.75
A5: Screening.screening specificity | B5: 0.75
A6: Screening.screening threshold age | B6: 70

Sheet 5a. Prevalence 1
A1: Classifier | B1: Category | C1: Total | D1: Robust | E1: Pre-frail | F1: Frail
A2: Age group | B2: 60-74 | C2: 1383 | D2: 764 | E2: 563 | F2: 56
A3: Age group | B3: 75-84 | C3: 521 | D3: 184 | E3: 272 | F3: 65
A4: Age group | B4: >=85 | C4: 198 | D4: 39 | E4: 103 | F4: 56
A6: Sex | B6: Male | C6: 968 | D6: 492 | E6: 396 | F6: 80
A7: Sex | B7: Female | C7: 1134 | D7: 495 | E7: 542 | F7: 97
A9: Race | B9: Chinese | C9: 863 | D9: 445 | E9: 353 | F9: 65
A10: Race | B10: Malay | C10: 575 | D10: 237 | E10: 286 | F10: 52
A11: Race | B11: Indian | C11: 633 | D11: 288 | E11: 288 | F11: 57
A12: Race | B12: Other | C12: 31 | D12: 17 | E12: 11 | F12: 3

Sheet 5b. Prevalence 2
A1: Classifier | B1: Category | C1: Robust % | D1: Pre-frail % | E1: Frail % | F1: Check (=1)
A2: Age group | B2: 60-74 | C2: ='5a. Prevalence 1'!D2/'5a. Prevalence 1'!C2 -> 0.55242227 | D2: ='5a. Prevalence 1'!E2/'5a. Prevalence 1'!C2 -> 0.40708604 | E2: ='5a. Prevalence 1'!F2/'5a. Prevalence 1'!C2 -> 0.040491685 | F2: =C2+D2+E2 -> 1
A3: Age group | B3: 75-84 | C3: ='5a. Prevalence 1'!D3/'5a. Prevalence 1'!C3 -> 0.35316699 | D3: ='5a. Prevalence 1'!E3/'5a. Prevalence 1'!C3 -> 0.52207294 | E3: ='5a. Prevalence 1'!F3/'5a. Prevalence 1'!C3 -> 0.12476008 | F3: =C3+D3+E3 -> 1
A4: Age group | B4: >=85 | C4: ='5a. Prevalence 1'!D4/'5a. Prevalence 1'!C4 -> 0.1969697 | D4: ='5a. Prevalence 1'!E4/'5a. Prevalence 1'!C4 -> 0.52020202 | E4: ='5a. Prevalence 1'!F4/'5a. Prevalence 1'!C4 -> 0.28282828 | F4: =C4+D4+E4 -> 1
A6: Sex | B6: Male | C6: ='5a. Prevalence 1'!D6/'5a. Prevalence 1'!C6 -> 0.50826446 | D6: ='5a. Prevalence 1'!E6/'5a. Prevalence 1'!C6 -> 0.40909091 | E6: ='5a. Prevalence 1'!F6/'5a. Prevalence 1'!C6 -> 0.082644628 | F6: =C6+D6+E6 -> 1
A7: Sex | B7: Female | C7: ='5a. Prevalence 1'!D7/'5a. Prevalence 1'!C7 -> 0.43650794 | D7: ='5a. Prevalence 1'!E7/'5a. Prevalence 1'!C7 -> 0.47795414 | E7: ='5a. Prevalence 1'!F7/'5a. Prevalence 1'!C7 -> 0.085537919 | F7: =C7+D7+E7 -> 1
A9: Race | B9: Chinese | C9: ='5a. Prevalence 1'!D9/'5a. Prevalence 1'!C9 -> 0.51564311 | D9: ='5a. Prevalence 1'!E9/'5a. Prevalence 1'!C9 -> 0.40903824 | E9: ='5a. Prevalence 1'!F9/'5a. Prevalence 1'!C9 -> 0.075318656 | F9: =C9+D9+E9 -> 1
A10: Race | B10: Malay | C10: ='5a. Prevalence 1'!D10/'5a. Prevalence 1'!C10 -> 0.41217391 | D10: ='5a. Prevalence 1'!E10/'5a. Prevalence 1'!C10 -> 0.4973913 | E10: ='5a. Prevalence 1'!F10/'5a. Prevalence 1'!C10 -> 0.090434783 | F10: =C10+D10+E10 -> 1
A11: Race | B11: Indian | C11: ='5a. Prevalence 1'!D11/'5a. Prevalence 1'!C11 -> 0.4549763 | D11: ='5a. Prevalence 1'!E11/'5a. Prevalence 1'!C11 -> 0.4549763 | E11: ='5a. Prevalence 1'!F11/'5a. Prevalence 1'!C11 -> 0.090047393 | F11: =C11+D11+E11 -> 1
A12: Race | B12: Other | C12: ='5a. Prevalence 1'!D12/'5a. Prevalence 1'!C12 -> 0.5483871 | D12: ='5a. Prevalence 1'!E12/'5a. Prevalence 1'!C12 -> 0.35483871 | E12: ='5a. Prevalence 1'!F12/'5a. Prevalence 1'!C12 -> 0.096774194 | F12: =C12+D12+E12 -> 1

Sheet 5c. Prevalence 3
A1: Classifier | B1: Category | C1: Robust AF | D1: Pre-frail AF | E1: Frail AF
A2: Sex | B2: Male | C2: ='5b. Prevalence 2'!C6/AVERAGE('5b. Prevalence 2'!C6,'5b. Prevalence 2'!C7) -> 1.0759511 | D2: ='5b. Prevalence 2'!D6/AVERAGE('5b. Prevalence 2'!D6,'5b. Prevalence 2'!D7) -> 0.92236783 | E2: ='5b. Prevalence 2'!E6/AVERAGE('5b. Prevalence 2'!E6,'5b. Prevalence 2'!E7) -> 0.98279672
A3: Sex | B3: Female | C3: ='5b. Prevalence 2'!C7/AVERAGE('5b. Prevalence 2'!C6,'5b. Prevalence 2'!C7) -> 0.92404888 | D3: ='5b. Prevalence 2'!D7/AVERAGE('5b. Prevalence 2'!D6,'5b. Prevalence 2'!D7) -> 1.0776322 | E3: ='5b. Prevalence 2'!E7/AVERAGE('5b. Prevalence 2'!E6,'5b. Prevalence 2'!E7) -> 1.0172033
A5: Race | B5: Chinese | C5: ='5b. Prevalence 2'!C9/AVERAGE('5b. Prevalence 2'!C9:C12) -> 1.0680371 | D5: ='5b. Prevalence 2'!D9/AVERAGE('5b. Prevalence 2'!D9:D12) -> 0.95333322 | E5: ='5b. Prevalence 2'!E9/AVERAGE('5b. Prevalence 2'!E9:E12) -> 0.85449791
A6: Race | B6: Malay | C6: ='5b. Prevalence 2'!C10/AVERAGE('5b. Prevalence 2'!C9:C12) -> 0.8537243 | D6: ='5b. Prevalence 2'!D10/AVERAGE('5b. Prevalence 2'!D9:D12) -> 1.1592551 | E6: ='5b. Prevalence 2'!E10/AVERAGE('5b. Prevalence 2'!E9:E12) -> 1.0259919
A7: Race | B7: Indian | C7: ='5b. Prevalence 2'!C11/AVERAGE('5b. Prevalence 2'!C9:C12) -> 0.94237969 | D7: ='5b. Prevalence 2'!D11/AVERAGE('5b. Prevalence 2'!D9:D12) -> 1.0603997 | E7: ='5b. Prevalence 2'!E11/AVERAGE('5b. Prevalence 2'!E9:E12) -> 1.021597
A8: Race | B8: Other | C8: ='5b. Prevalence 2'!C12/AVERAGE('5b. Prevalence 2'!C9:C12) -> 1.1358589 | D8: ='5b. Prevalence 2'!D12/AVERAGE('5b. Prevalence 2'!D9:D12) -> 0.827012 | E8: ='5b. Prevalence 2'!E12/AVERAGE('5b. Prevalence 2'!E9:E12) -> 1.0979132

Sheet 5d. Prevalence 4
A1: Race / Sex | C1: Robust | F1: Pre-frail | I1: Frail
C2: 60-74 | D2: 75-84 | E2: >=85 | F2: 60-74 | G2: 75-84 | H2: >=85 | I2: 60-74 | J2: 75-84 | K2: >=85
A3: Chinese | B3: Male | C3: ='5b. Prevalence 2'!C2*'5c. Prevalence 3'!C2*'5c. Prevalence 3'!C5 -> 0.63481924 | D3: ='5b. Prevalence 2'!C3*'5c. Prevalence 3'!C2*'5c. Prevalence 3'!C5 -> 0.40584388 | E3: ='5b. Prevalence 2'!C4*'5c. Prevalence 3'!C2*'5c. Prevalence 3'!C5 -> 0.22634886 | F3: ='5b. Prevalence 2'!D2*'5c. Prevalence 3'!D2*'5c. Prevalence 3'!D5 -> 0.35796049 | G3: ='5b. Prevalence 2'!D3*'5c. Prevalence 3'!D2*'5c. Prevalence 3'!D5 -> 0.45907121 | H3: ='5b. Prevalence 2'!D4*'5c. Prevalence 3'!D2*'5c. Prevalence 3'!D5 -> 0.45742607 | I3: ='5b. Prevalence 2'!E2*'5c. Prevalence 3'!E2*'5c. Prevalence 3'!E5 -> 0.034004826 | J3: ='5b. Prevalence 2'!E3*'5c. Prevalence 3'!E2*'5c. Prevalence 3'!E5 -> 0.10477323 | K3: ='5b. Prevalence 2'!E4*'5c. Prevalence 3'!E2*'5c. Prevalence 3'!E5 -> 0.23751856
A4: Chinese | B4: Female | C4: ='5b. Prevalence 2'!C2*'5c. Prevalence 3'!C3*'5c. Prevalence 3'!C5 -> 0.54519577 | D4: ='5b. Prevalence 2'!C3*'5c. Prevalence 3'!C3*'5c. Prevalence 3'!C5 -> 0.34854704 | E4: ='5b. Prevalence 2'!C4*'5c. Prevalence 3'!C3*'5c. Prevalence 3'!C5 -> 0.19439304 | F4: ='5b. Prevalence 2'!D2*'5c. Prevalence 3'!D3*'5c. Prevalence 3'!D5 -> 0.41821682 | G4: ='5b. Prevalence 2'!D3*'5c. Prevalence 3'!D3*'5c. Prevalence 3'!D5 -> 0.53634774 | H4: ='5b. Prevalence 2'!D4*'5c. Prevalence 3'!D3*'5c. Prevalence 3'!D5 -> 0.53442567 | I4: ='5b. Prevalence 2'!E2*'5c. Prevalence 3'!E3*'5c. Prevalence 3'!E5 -> 0.035195294 | J4: ='5b. Prevalence 2'!E3*'5c. Prevalence 3'!E3*'5c. Prevalence 3'!E5 -> 0.10844122 | K4: ='5b. Prevalence 2'!E4*'5c. Prevalence 3'!E3*'5c. Prevalence 3'!E5 -> 0.2458338
A5: Malay | B5: Male | C5: ='5b. Prevalence 2'!C2*'5c. Prevalence 3'!C2*'5c. Prevalence 3'!C6 -> 0.50743611 | D5: ='5b. Prevalence 2'!C3*'5c. Prevalence 3'!C2*'5c. Prevalence 3'!C6 -> 0.32440705 | E5: ='5b. Prevalence 2'!C4*'5c. Prevalence 3'!C2*'5c. Prevalence 3'!C6 -> 0.18092959 | F5: ='5b. Prevalence 2'!D2*'5c. Prevalence 3'!D2*'5c. Prevalence 3'!D6 -> 0.43528066 | G5: ='5b. Prevalence 2'!D3*'5c. Prevalence 3'!D2*'5c. Prevalence 3'!D6 -> 0.55823149 | H5: ='5b. Prevalence 2'!D4*'5c. Prevalence 3'!D2*'5c. Prevalence 3'!D6 -> 0.556231 | I5: ='5b. Prevalence 2'!E2*'5c. Prevalence 3'!E2*'5c. Prevalence 3'!E6 -> 0.040829446 | J5: ='5b. Prevalence 2'!E3*'5c. Prevalence 3'!E2*'5c. Prevalence 3'!E6 -> 0.12580076 | K5: ='5b. Prevalence 2'!E4*'5c. Prevalence 3'!E2*'5c. Prevalence 3'!E6 -> 0.2851875
A6: Malay | B6: Female | C6: ='5b. Prevalence 2'!C2*'5c. Prevalence 3'!C3*'5c. Prevalence 3'!C6 -> 0.43579653 | D6: ='5b. Prevalence 2'!C3*'5c. Prevalence 3'!C3*'5c. Prevalence 3'!C6 -> 0.27860742 | E6: ='5b. Prevalence 2'!C4*'5c. Prevalence 3'!C3*'5c. Prevalence 3'!C6 -> 0.15538604 | F6: ='5b. Prevalence 2'!D2*'5c. Prevalence 3'!D3*'5c. Prevalence 3'!D6 -> 0.50855247 | G6: ='5b. Prevalence 2'!D3*'5c. Prevalence 3'!D3*'5c. Prevalence 3'!D6 -> 0.65219991 | H6: ='5b. Prevalence 2'!D4*'5c. Prevalence 3'!D3*'5c. Prevalence 3'!D6 -> 0.64986267 | I6: ='5b. Prevalence 2'!E2*'5c. Prevalence 3'!E3*'5c. Prevalence 3'!E6 -> 0.042258837 | J6: ='5b. Prevalence 2'!E3*'5c. Prevalence 3'!E3*'5c. Prevalence 3'!E6 -> 0.1302049 | K6: ='5b. Prevalence 2'!E4*'5c. Prevalence 3'!E3*'5c. Prevalence 3'!E6 -> 0.29517157
A7: Indian | B7: Male | C7: ='5b. Prevalence 2'!C2*'5c. Prevalence 3'!C2*'5c. Prevalence 3'!C7 -> 0.56013104 | D7: ='5b. Prevalence 2'!C3*'5c. Prevalence 3'!C2*'5c. Prevalence 3'!C7 -> 0.35809525 | E7: ='5b. Prevalence 2'!C4*'5c. Prevalence 3'!C2*'5c. Prevalence 3'!C7 -> 0.19971831 | F7: ='5b. Prevalence 2'!D2*'5c. Prevalence 3'!D2*'5c. Prevalence 3'!D7 -> 0.39816214 | G7: ='5b. Prevalence 2'!D3*'5c. Prevalence 3'!D2*'5c. Prevalence 3'!D7 -> 0.51062835 | H7: ='5b. Prevalence 2'!D4*'5c. Prevalence 3'!D2*'5c. Prevalence 3'!D7 -> 0.50879845 | I7: ='5b. Prevalence 2'!E2*'5c. Prevalence 3'!E2*'5c. Prevalence 3'!E7 -> 0.040654548 | J7: ='5b. Prevalence 2'!E3*'5c. Prevalence 3'!E2*'5c. Prevalence 3'!E7 -> 0.12526188 | K7: ='5b. Prevalence 2'!E4*'5c. Prevalence 3'!E2*'5c. Prevalence 3'!E7 -> 0.28396586
A8: Indian | B8: Female | C8: ='5b. Prevalence 2'!C2*'5c. Prevalence 3'!C3*'5c. Prevalence 3'!C7 -> 0.48105202 | D8: ='5b. Prevalence 2'!C3*'5c. Prevalence 3'!C3*'5c. Prevalence 3'!C7 -> 0.30753954 | E8: ='5b. Prevalence 2'!C4*'5c. Prevalence 3'!C3*'5c. Prevalence 3'!C7 -> 0.17152218 | F8: ='5b. Prevalence 2'!D2*'5c. Prevalence 3'!D3*'5c. Prevalence 3'!D7 -> 0.4651857 | G8: ='5b. Prevalence 2'!D3*'5c. Prevalence 3'!D3*'5c. Prevalence 3'!D7 -> 0.59658362 | H8: ='5b. Prevalence 2'!D4*'5c. Prevalence 3'!D3*'5c. Prevalence 3'!D7 -> 0.59444569 | I8: ='5b. Prevalence 2'!E2*'5c. Prevalence 3'!E3*'5c. Prevalence 3'!E7 -> 0.042077816 | J8: ='5b. Prevalence 2'!E3*'5c. Prevalence 3'!E3*'5c. Prevalence 3'!E7 -> 0.12964715 | K8: ='5b. Prevalence 2'!E4*'5c. Prevalence 3'!E3*'5c. Prevalence 3'!E7 -> 0.29390717
A9: Other | B9: Male | C9: ='5b. Prevalence 2'!C2*'5c. Prevalence 3'!C2*'5c. Prevalence 3'!C8 -> 0.67513107 | D9: ='5b. Prevalence 2'!C3*'5c. Prevalence 3'!C2*'5c. Prevalence 3'!C8 -> 0.43161548 | E9: ='5b. Prevalence 2'!C4*'5c. Prevalence 3'!C2*'5c. Prevalence 3'!C8 -> 0.2407223 | F9: ='5b. Prevalence 2'!D2*'5c. Prevalence 3'!D2*'5c. Prevalence 3'!D8 -> 0.310529 | G9: ='5b. Prevalence 2'!D3*'5c. Prevalence 3'!D2*'5c. Prevalence 3'!D8 -> 0.39824207 | H9: ='5b. Prevalence 2'!D4*'5c. Prevalence 3'!D2*'5c. Prevalence 3'!D8 -> 0.39681492 | I9: ='5b. Prevalence 2'!E2*'5c. Prevalence 3'!E2*'5c. Prevalence 3'!E8 -> 0.04369156 | J9: ='5b. Prevalence 2'!E3*'5c. Prevalence 3'!E2*'5c. Prevalence 3'!E8 -> 0.1346193 | K9: ='5b. Prevalence 2'!E4*'5c. Prevalence 3'!E2*'5c. Prevalence 3'!E8 -> 0.30517893
A10: Other | B10: Female | C10: ='5b. Prevalence 2'!C2*'5c. Prevalence 3'!C3*'5c. Prevalence 3'!C8 -> 0.57981639 | D10: ='5b. Prevalence 2'!C3*'5c. Prevalence 3'!C3*'5c. Prevalence 3'!C8 -> 0.37068022 | E10: ='5b. Prevalence 2'!C4*'5c. Prevalence 3'!C3*'5c. Prevalence 3'!C8 -> 0.20673725 | F10: ='5b. Prevalence 2'!D2*'5c. Prevalence 3'!D3*'5c. Prevalence 3'!D8 -> 0.36280108 | G10: ='5b. Prevalence 2'!D3*'5c. Prevalence 3'!D3*'5c. Prevalence 3'!D8 -> 0.46527909 | H10: ='5b. Prevalence 2'!D4*'5c. Prevalence 3'!D3*'5c. Prevalence 3'!D8 -> 0.46361171 | I10: ='5b. Prevalence 2'!E2*'5c. Prevalence 3'!E3*'5c. Prevalence 3'!E8 -> 0.04522115 | J10: ='5b. Prevalence 2'!E3*'5c. Prevalence 3'!E3*'5c. Prevalence 3'!E8 -> 0.13933217 | K10: ='5b. Prevalence 2'!E4*'5c. Prevalence 3'!E3*'5c. Prevalence 3'!E8 -> 0.31586288

Sheet 5e. Prevalence 5
A1: Race / Sex | C1: Robust | F1: Pre-frail | I1: Frail | L1: Check (= 1.000)
C2: 60-74 | D2: 75-84 | E2: >=85 | F2: 60-74 | G2: 75-84 | H2: >=85 | I2: 60-74 | J2: 75-84 | K2: >=85 | L2: 60-74 | M2: 75-84 | N2: >=85
A3: Chinese | B3: Male | C3: ='5d. Prevalence 4'!C3/('5d. Prevalence 4'!C3+'5d. Prevalence 4'!F3+'5d. Prevalence 4'!I3) -> 0.61825944 | D3: ='5d. Prevalence 4'!D3/('5d. Prevalence 4'!D3+'5d. Prevalence 4'!G3+'5d. Prevalence 4'!J3) -> 0.41853023 | E3: ='5d. Prevalence 4'!E3/('5d. Prevalence 4'!E3+'5d. Prevalence 4'!H3+'5d. Prevalence 4'!K3) -> 0.24568595 | F3: ='5d. Prevalence 4'!F3/('5d. Prevalence 4'!C3+'5d. Prevalence 4'!F3+'5d. Prevalence 4'!I3) -> 0.34862278 | G3: ='5d. Prevalence 4'!G3/('5d. Prevalence 4'!D3+'5d. Prevalence 4'!G3+'5d. Prevalence 4'!J3) -> 0.47342141 | H3: ='5d. Prevalence 4'!H3/('5d. Prevalence 4'!E3+'5d. Prevalence 4'!H3+'5d. Prevalence 4'!K3) -> 0.49650418 | I3: ='5d. Prevalence 4'!I3/('5d. Prevalence 4'!C3+'5d. Prevalence 4'!F3+'5d. Prevalence 4'!I3) -> 0.033117781 | J3: ='5d. Prevalence 4'!J3/('5d. Prevalence 4'!D3+'5d. Prevalence 4'!G3+'5d. Prevalence 4'!J3) -> 0.10804836 | K3: ='5d. Prevalence 4'!K3/('5d. Prevalence 4'!E3+'5d. Prevalence 4'!H3+'5d. Prevalence 4'!K3) -> 0.25780987 | L3: =C3+F3+I3 -> 1 | M3: =D3+G3+J3 -> 1 | N3: =E3+H3+K3 -> 1
A4: Chinese | B4: Female | C4: ='5d. Prevalence 4'!C4/('5d. Prevalence 4'!C4+'5d. Prevalence 4'!F4+'5d. Prevalence 4'!I4) -> 0.54595581 | D4: ='5d. Prevalence 4'!D4/('5d. Prevalence 4'!D4+'5d. Prevalence 4'!G4+'5d. Prevalence 4'!J4) -> 0.35088534 | E4: ='5d. Prevalence 4'!E4/('5d. Prevalence 4'!E4+'5d. Prevalence 4'!H4+'5d. Prevalence 4'!K4) -> 0.19944856 | F4: ='5d. Prevalence 4'!F4/('5d. Prevalence 4'!C4+'5d. Prevalence 4'!F4+'5d. Prevalence 4'!I4) -> 0.41879984 | G4: ='5d. Prevalence 4'!G4/('5d. Prevalence 4'!D4+'5d. Prevalence 4'!G4+'5d. Prevalence 4'!J4) -> 0.53994594 | H4: ='5d. Prevalence 4'!H4/('5d. Prevalence 4'!E4+'5d. Prevalence 4'!H4+'5d. Prevalence 4'!K4) -> 0.54832431 | I4: ='5d. Prevalence 4'!I4/('5d. Prevalence 4'!C4+'5d. Prevalence 4'!F4+'5d. Prevalence 4'!I4) -> 0.035244359 | J4: ='5d. Prevalence 4'!J4/('5d. Prevalence 4'!D4+'5d. Prevalence 4'!G4+'5d. Prevalence 4'!J4) -> 0.10916872 | K4: ='5d. Prevalence 4'!K4/('5d. Prevalence 4'!E4+'5d. Prevalence 4'!H4+'5d. Prevalence 4'!K4) -> 0.25222712 | L4: =C4+F4+I4 -> 1 | M4: =D4+G4+J4 -> 1 | N4: =E4+H4+K4 -> 1
A5: Malay | B5: Male | C5: ='5d. Prevalence 4'!C5/('5d. Prevalence 4'!C5+'5d. Prevalence 4'!F5+'5d. Prevalence 4'!I5) -> 0.51592503 | D5: ='5d. Prevalence 4'!D5/('5d. Prevalence 4'!D5+'5d. Prevalence 4'!G5+'5d. Prevalence 4'!J5) -> 0.32169219 | E5: ='5d. Prevalence 4'!E5/('5d. Prevalence 4'!E5+'5d. Prevalence 4'!H5+'5d. Prevalence 4'!K5) -> 0.17697455 | F5: ='5d. Prevalence 4'!F5/('5d. Prevalence 4'!C5+'5d. Prevalence 4'!F5+'5d. Prevalence 4'!I5) -> 0.44256249 | G5: ='5d. Prevalence 4'!G5/('5d. Prevalence 4'!D5+'5d. Prevalence 4'!G5+'5d. Prevalence 4'!J5) -> 0.55355983 | H5: ='5d. Prevalence 4'!H5/('5d. Prevalence 4'!E5+'5d. Prevalence 4'!H5+'5d. Prevalence 4'!K5) -> 0.54407203 | I5: ='5d. Prevalence 4'!I5/('5d. Prevalence 4'!C5+'5d. Prevalence 4'!F5+'5d. Prevalence 4'!I5) -> 0.041512484 | J5: ='5d. Prevalence 4'!J5/('5d. Prevalence 4'!D5+'5d. Prevalence 4'!G5+'5d. Prevalence 4'!J5) -> 0.12474798 | K5: ='5d. Prevalence 4'!K5/('5d. Prevalence 4'!E5+'5d. Prevalence 4'!H5+'5d. Prevalence 4'!K5) -> 0.27895342 | L5: =C5+F5+I5 -> 1 | M5: =D5+G5+J5 -> 1 | N5: =E5+H5+K5 -> 1
A6: Malay | B6: Female | C6: ='5d. Prevalence 4'!C6/('5d. Prevalence 4'!C6+'5d. Prevalence 4'!F6+'5d. Prevalence 4'!I6) -> 0.44171201 | D6: ='5d. Prevalence 4'!D6/('5d. Prevalence 4'!D6+'5d. Prevalence 4'!G6+'5d. Prevalence 4'!J6) -> 0.26258644 | E6: ='5d. Prevalence 4'!E6/('5d. Prevalence 4'!E6+'5d. Prevalence 4'!H6+'5d. Prevalence 4'!K6) -> 0.14120609 | F6: ='5d. Prevalence 4'!F6/('5d. Prevalence 4'!C6+'5d. Prevalence 4'!F6+'5d. Prevalence 4'!I6) -> 0.51545554 | G6: ='5d. Prevalence 4'!G6/('5d. Prevalence 4'!D6+'5d. Prevalence 4'!G6+'5d. Prevalence 4'!J6) -> 0.61469594 | H6: ='5d. Prevalence 4'!H6/('5d. Prevalence 4'!E6+'5d. Prevalence 4'!H6+'5d. Prevalence 4'!K6) -> 0.59055861 | I6: ='5d. Prevalence 4'!I6/('5d. Prevalence 4'!C6+'5d. Prevalence 4'!F6+'5d. Prevalence 4'!I6) -> 0.042832456 | J6: ='5d. Prevalence 4'!J6/('5d. Prevalence 4'!D6+'5d. Prevalence 4'!G6+'5d. Prevalence 4'!J6) -> 0.12271762 | K6: ='5d. Prevalence 4'!K6/('5d. Prevalence 4'!E6+'5d. Prevalence 4'!H6+'5d. Prevalence 4'!K6) -> 0.26823531 | L6: =C6+F6+I6 -> 1 | M6: =D6+G6+J6 -> 1 | N6: =E6+H6+K6 -> 1
A7: Indian | B7: Male | C7: ='5d. Prevalence 4'!C7/('5d. Prevalence 4'!C7+'5d. Prevalence 4'!F7+'5d. Prevalence 4'!I7) -> 0.56072107 | D7: ='5d. Prevalence 4'!D7/('5d. Prevalence 4'!D7+'5d. Prevalence 4'!G7+'5d. Prevalence 4'!J7) -> 0.36026206 | E7: ='5d. Prevalence 4'!E7/('5d. Prevalence 4'!E7+'5d. Prevalence 4'!H7+'5d. Prevalence 4'!K7) -> 0.20123104 | F7: ='5d. Prevalence 4'!F7/('5d. Prevalence 4'!C7+'5d. Prevalence 4'!F7+'5d. Prevalence 4'!I7) -> 0.39858155 | G7: ='5d. Prevalence 4'!G7/('5d. Prevalence 4'!D7+'5d. Prevalence 4'!G7+'5d. Prevalence 4'!J7) -> 0.51371812 | H7: ='5d. Prevalence 4'!H7/('5d. Prevalence 4'!E7+'5d. Prevalence 4'!H7+'5d. Prevalence 4'!K7) -> 0.51265225 | I7: ='5d. Prevalence 4'!I7/('5d. Prevalence 4'!C7+'5d. Prevalence 4'!F7+'5d. Prevalence 4'!I7) -> 0.040697373 | J7: ='5d. Prevalence 4'!J7/('5d. Prevalence 4'!D7+'5d. Prevalence 4'!G7+'5d. Prevalence 4'!J7) -> 0.12601983 | K7: ='5d. Prevalence 4'!K7/('5d. Prevalence 4'!E7+'5d. Prevalence 4'!H7+'5d. Prevalence 4'!K7) -> 0.28611671 | L7: =C7+F7+I7 -> 1 | M7: =D7+G7+J7 -> 1 | N7: =E7+H7+K7 -> 1
A8: Indian | B8: Female | C8: ='5d. Prevalence 4'!C8/('5d. Prevalence 4'!C8+'5d. Prevalence 4'!F8+'5d. Prevalence 4'!I8) -> 0.4867393 | D8: ='5d. Prevalence 4'!D8/('5d. Prevalence 4'!D8+'5d. Prevalence 4'!G8+'5d. Prevalence 4'!J8) -> 0.29749311 | E8: ='5d. Prevalence 4'!E8/('5d. Prevalence 4'!E8+'5d. Prevalence 4'!H8+'5d. Prevalence 4'!K8) -> 0.16183245 | F8: ='5d. Prevalence 4'!F8/('5d. Prevalence 4'!C8+'5d. Prevalence 4'!F8+'5d. Prevalence 4'!I8) -> 0.47068541 | G8: ='5d. Prevalence 4'!G8/('5d. Prevalence 4'!D8+'5d. Prevalence 4'!G8+'5d. Prevalence 4'!J8) -> 0.57709494 | H8: ='5d. Prevalence 4'!H8/('5d. Prevalence 4'!E8+'5d. Prevalence 4'!H8+'5d. Prevalence 4'!K8) -> 0.56086394 | I8: ='5d. Prevalence 4'!I8/('5d. Prevalence 4'!C8+'5d. Prevalence 4'!F8+'5d. Prevalence 4'!I8) -> 0.042575285 | J8: ='5d. Prevalence 4'!J8/('5d. Prevalence 4'!D8+'5d. Prevalence 4'!G8+'5d. Prevalence 4'!J8) -> 0.12541195 | K8: ='5d. Prevalence 4'!K8/('5d. Prevalence 4'!E8+'5d. Prevalence 4'!H8+'5d. Prevalence 4'!K8) -> 0.27730361 | L8: =C8+F8+I8 -> 1 | M8: =D8+G8+J8 -> 1 | N8: =E8+H8+K8 -> 1
A9: Other | B9: Male | C9: ='5d. Prevalence 4'!C9/('5d. Prevalence 4'!C9+'5d. Prevalence 4'!F9+'5d. Prevalence 4'!I9) -> 0.65587992 | D9: ='5d. Prevalence 4'!D9/('5d. Prevalence 4'!D9+'5d. Prevalence 4'!G9+'5d. Prevalence 4'!J9) -> 0.44751253 | E9: ='5d. Prevalence 4'!E9/('5d. Prevalence 4'!E9+'5d. Prevalence 4'!H9+'5d. Prevalence 4'!K9) -> 0.25534972 | F9: ='5d. Prevalence 4'!F9/('5d. Prevalence 4'!C9+'5d. Prevalence 4'!F9+'5d. Prevalence 4'!I9) -> 0.30167437 | G9: ='5d. Prevalence 4'!G9/('5d. Prevalence 4'!D9+'5d. Prevalence 4'!G9+'5d. Prevalence 4'!J9) -> 0.41290993 | H9: ='5d. Prevalence 4'!H9/('5d. Prevalence 4'!E9+'5d. Prevalence 4'!H9+'5d. Prevalence 4'!K9) -> 0.42092725 | I9: ='5d. Prevalence 4'!I9/('5d. Prevalence 4'!C9+'5d. Prevalence 4'!F9+'5d. Prevalence 4'!I9) -> 0.042445709 | J9: ='5d. Prevalence 4'!J9/('5d. Prevalence 4'!D9+'5d. Prevalence 4'!G9+'5d. Prevalence 4'!J9) -> 0.13957754 | K9: ='5d. Prevalence 4'!K9/('5d. Prevalence 4'!E9+'5d. Prevalence 4'!H9+'5d. Prevalence 4'!K9) -> 0.32372303 | L9: =C9+F9+I9 -> 1 | M9: =D9+G9+J9 -> 1 | N9: =E9+H9+K9 -> 1
A10: Other | B10: Female | C10: ='5d. Prevalence 4'!C10/('5d. Prevalence 4'!C10+'5d. Prevalence 4'!F10+'5d. Prevalence 4'!I10) -> 0.58695457 | D10: ='5d. Prevalence 4'!D10/('5d. Prevalence 4'!D10+'5d. Prevalence 4'!G10+'5d. Prevalence 4'!J10) -> 0.38007122 | E10: ='5d. Prevalence 4'!E10/('5d. Prevalence 4'!E10+'5d. Prevalence 4'!H10+'5d. Prevalence 4'!K10) -> 0.20962763 | F10: ='5d. Prevalence 4'!F10/('5d. Prevalence 4'!C10+'5d. Prevalence 4'!F10+'5d. Prevalence 4'!I10) -> 0.36726756 | G10: ='5d. Prevalence 4'!G10/('5d. Prevalence 4'!D10+'5d. Prevalence 4'!G10+'5d. Prevalence 4'!J10) -> 0.47706671 | H10: ='5d. Prevalence 4'!H10/('5d. Prevalence 4'!E10+'5d. Prevalence 4'!H10+'5d. Prevalence 4'!K10) -> 0.47009343 | I10: ='5d. Prevalence 4'!I10/('5d. Prevalence 4'!C10+'5d. Prevalence 4'!F10+'5d. Prevalence 4'!I10) -> 0.045777872 | J10: ='5d. Prevalence 4'!J10/('5d. Prevalence 4'!D10+'5d. Prevalence 4'!G10+'5d. Prevalence 4'!J10) -> 0.14286208 | K10: ='5d. Prevalence 4'!K10/('5d. Prevalence 4'!E10+'5d. Prevalence 4'!H10+'5d. Prevalence 4'!K10) -> 0.32027894 | L10: =C10+F10+I10 -> 1 | M10: =D10+G10+J10 -> 1 | N10: =E10+H10+K10 -> 1

Sheet 5f. Prevalence 6
A1: Variable | B1: Age 0 | C1: Age 1 | D1: Age 2 | E1: Age 3 | F1: Age 4 | G1: Age 5 | H1: Age 6 | I1: Age 7 | J1: Age 8 | K1: Age 9 | L1: Age 10 | M1: Age 11 | N1: Age 12 | O1: Age 13 | P1: Age 14 | Q1: Age 15 | R1: Age 16 | S1: Age 17 | T1: Age 18 | U1: Age 19 | V1: Age 20 | W1: Age 21 | X1: Age 22 | Y1: Age 23 | Z1: Age 24 | AA1: Age 25 | AB1: Age 26 | AC1: Age 27 | AD1: Age 28 | AE1: Age 29 | AF1: Age 30 | AG1: Age 31 | AH1: Age 32 | AI1: Age 33 | AJ1: Age 34 | AK1: Age 35 | AL1: Age 36 | AM1: Age 37 | AN1: Age 38 | AO1: Age 39 | AP1: Age 40 | AQ1: Age 41 | AR1: Age 42 | AS1: Age 43 | AT1: Age 44 | AU1: Age 45 | AV1: Age 46 | AW1: Age 47 | AX1: Age 48 | AY1: Age 49 | AZ1: Age 50 | BA1: Age 51 | BB1: Age 52 | BC1: Age 53 | BD1: Age 54 | BE1: Age 55 | BF1: Age 56 | BG1: Age 57 | BH1: Age 58 | BI1: Age 59 | BJ1: Age 60 | BK1: Age 61 | BL1: Age 62 | BM1: Age 63 | BN1: Age 64 | BO1: Age 65 | BP1: Age 66 | BQ1: Age 67 | BR1: Age 68 | BS1: Age 69 | BT1: Age 70 | BU1: Age 71 | BV1: Age 72 | BW1: Age 73 | BX1: Age 74 | BY1: Age 75 | BZ1: Age 76 | CA1: Age 77 | CB1: Age 78 | CC1: Age 79 | CD1: Age 80 | CE1: Age 81 | CF1: Age 82 | CG1: Age 83 | CH1: Age 84 | CI1: Age 85
A2: Frail Population.initial frailty prevalence[Chinese, male, age] | B2: 0 | C2: 0 | D2: 0 | E2: 0 | F2: 0 | G2: 0 | H2: 0 | I2: 0 | J2: 0 | K2: 0 | L2: 0 | M2: 0 | N2: 0 | O2: 0 | P2: 0 | Q2: 0 | R2: 0 | S2: 0 | T2: 0 | U2: 0 | V2: 0 | W2: 0 | X2: 0 | Y2: 0 | Z2: 0 | AA2: 0 | AB2: 0 | AC2: 0 | AD2: 0 | AE2: 0 | AF2: 0 | AG2: 0 | AH2: 0 | AI2: 0 | AJ2: 0 | AK2: 0 | AL2: 0 | AM2: 0 | AN2: 0 | AO2: 0 | AP2: 0 | AQ2: 0 | AR2: 0 | AS2: 0 | AT2: 0 | AU2: 0 | AV2: 0 | AW2: 0 | AX2: 0 | AY2: 0 | AZ2: =AZ$19*BJ2/$BB$21 -> 0.0030107074 | BA2: =BA$19*BK2/$BB$21 -> 0.0060214147 | BB2: =BB$19*BL2/$BB$21 -> 0.0090321221 | BC2: =BC$19*BM2/$BB$21 -> 0.012042829 | BD2: =BD$19*BN2/$BB$21 -> 0.015053537 | BE2: =BE$19*BO2/$BB$21 -> 0.018064244 | BF2: =BF$19*BP2/$BB$21 -> 0.021074951 | BG2: =BG$19*BQ2/$BB$21 -> 0.024085659 | ... BI2: =BI$19*BS2/$BB$21 -> 0.030107074 | BJ2: ='5e. Prevalence 5'!I3 -> 0.033117781 | BK2: ='5e. Prevalence 5'!I3 -> 0.033117781 | BL2: ='5e. Prevalence 5'!I3 -> 0.033117781 | BM2: ='5e. Prevalence 5'!I3 -> 0.033117781 | BN2: ='5e. Prevalence 5'!I3 -> 0.033117781 | BO2: ='5e. Prevalence 5'!I3 -> 0.033117781 | BP2: ='5e. Prevalence 5'!I3 -> 0.033117781 | BQ2: ='5e. Prevalence 5'!I3 -> 0.033117781 | BR2: ='5e. Prevalence 5'!I3 -> 0.033117781 | BS2: ='5e. Prevalence 5'!I3 -> 0.033117781 | BT2: ='5e. Prevalence 5'!I3 -> 0.033117781 | BU2: ='5e. Prevalence 5'!I3 -> 0.033117781 | BV2: ='5e. Prevalence 5'!I3 -> 0.033117781 | BW2: ='5e. Prevalence 5'!I3 -> 0.033117781 | BX2: ='5e. Prevalence 5'!I3 -> 0.033117781 | BY2: ='5e. Prevalence 5'!J3 -> 0.10804836 | BZ2: ='5e. Prevalence 5'!J3 -> 0.10804836 | CA2: ='5e. Prevalence 5'!J3 -> 0.10804836 | CB2: ='5e. Prevalence 5'!J3 -> 0.10804836 | CC2: ='5e. Prevalence 5'!J3 -> 0.10804836 | CD2: ='5e. Prevalence 5'!J3 -> 0.10804836 | CE2: ='5e. Prevalence 5'!J3 -> 0.10804836 | CF2: ='5e. Prevalence 5'!J3 -> 0.10804836 | CG2: ='5e. Prevalence 5'!J3 -> 0.10804836 | CH2: ='5e. Prevalence 5'!J3 -> 0.10804836 | CI2: ='5e. Prevalence 5'!K3 -> 0.25780987
A3: Frail Population.initial frailty prevalence[Chinese, female, age] | B3: 0 | C3: 0 | D3: 0 | E3: 0 | F3: 0 | G3: 0 | H3: 0 | I3: 0 | J3: 0 | K3: 0 | L3: 0 | M3: 0 | N3: 0 | O3: 0 | P3: 0 | Q3: 0 | R3: 0 | S3: 0 | T3: 0 | U3: 0 | V3: 0 | W3: 0 | X3: 0 | Y3: 0 | Z3: 0 | AA3: 0 | AB3: 0 | AC3: 0 | AD3: 0 | AE3: 0 | AF3: 0 | AG3: 0 | AH3: 0 | AI3: 0 | AJ3: 0 | AK3: 0 | AL3: 0 | AM3: 0 | AN3: 0 | AO3: 0 | AP3: 0 | AQ3: 0 | AR3: 0 | AS3: 0 | AT3: 0 | AU3: 0 | AV3: 0 | AW3: 0 | AX3: 0 | AY3: 0 | AZ3: =AZ$19*BJ3/$BB$21 -> 0.0032040326 | BA3: =BA$19*BK3/$BB$21 -> 0.0064080652 | BB3: =BB$19*BL3/$BB$21 -> 0.0096120978 | BC3: =BC$19*BM3/$BB$21 -> 0.01281613 | BD3: =BD$19*BN3/$BB$21 -> 0.016020163 | BE3: =BE$19*BO3/$BB$21 -> 0.019224196 | BF3: =BF$19*BP3/$BB$21 -> 0.022428228 | BG3: =BG$19*BQ3/$BB$21 -> 0.025632261 | ... BI3: =BI$19*BS3/$BB$21 -> 0.032040326 | BJ3: ='5e. Prevalence 5'!I4 -> 0.035244359 | BK3: ='5e. Prevalence 5'!I4 -> 0.035244359 | BL3: ='5e. Prevalence 5'!I4 -> 0.035244359 | BM3: ='5e. Prevalence 5'!I4 -> 0.035244359 | BN3: ='5e. Prevalence 5'!I4 -> 0.035244359 | BO3: ='5e. Prevalence 5'!I4 -> 0.035244359 | BP3: ='5e. Prevalence 5'!I4 -> 0.035244359 | BQ3: ='5e. Prevalence 5'!I4 -> 0.035244359 | BR3: ='5e. Prevalence 5'!I4 -> 0.035244359 | BS3: ='5e. Prevalence 5'!I4 -> 0.035244359 | BT3: ='5e. Prevalence 5'!I4 -> 0.035244359 | BU3: ='5e. Prevalence 5'!I4 -> 0.035244359 | BV3: ='5e. Prevalence 5'!I4 -> 0.035244359 | BW3: ='5e. Prevalence 5'!I4 -> 0.035244359 | BX3: ='5e. Prevalence 5'!I4 -> 0.035244359 | BY3: ='5e. Prevalence 5'!J4 -> 0.10916872 | BZ3: ='5e. Prevalence 5'!J4 -> 0.10916872 | CA3: ='5e. Prevalence 5'!J4 -> 0.10916872 | CB3: ='5e. Prevalence 5'!J4 -> 0.10916872 | CC3: ='5e. Prevalence 5'!J4 -> 0.10916872 | CD3: ='5e. Prevalence 5'!J4 -> 0.10916872 | CE3: ='5e. Prevalence 5'!J4 -> 0.10916872 | CF3: ='5e. Prevalence 5'!J4 -> 0.10916872 | CG3: ='5e. Prevalence 5'!J4 -> 0.10916872 | CH3: ='5e. Prevalence 5'!J4 -> 0.10916872 | CI3: ='5e. Prevalence 5'!K4 -> 0.25222712
A4: Frail Population.initial frailty prevalence[Malay, male, age] | B4: 0 | C4: 0 | D4: 0 | E4: 0 | F4: 0 | G4: 0 | H4: 0 | I4: 0 | J4: 0 | K4: 0 | L4: 0 | M4: 0 | N4: 0 | O4: 0 | P4: 0 | Q4: 0 | R4: 0 | S4: 0 | T4: 0 | U4: 0 | V4: 0 | W4: 0 | X4: 0 | Y4: 0 | Z4: 0 | AA4: 0 | AB4: 0 | AC4: 0 | AD4: 0 | AE4: 0 | AF4: 0 | AG4: 0 | AH4: 0 | AI4: 0 | AJ4: 0 | AK4: 0 | AL4: 0 | AM4: 0 | AN4: 0 | AO4: 0 | AP4: 0 | AQ4: 0 | AR4: 0 | AS4: 0 | AT4: 0 | AU4: 0 | AV4: 0 | AW4: 0 | AX4: 0 | AY4: 0 | AZ4: =AZ$19*BJ4/$BB$21 -> 0.0037738622 | BA4: =BA$19*BK4/$BB$21 -> 0.0075477244 | BB4: =BB$19*BL4/$BB$21 -> 0.011321587 | BC4: =BC$19*BM4/$BB$21 -> 0.015095449 | BD4: =BD$19*BN4/$BB$21 -> 0.018869311 | BE4: =BE$19*BO4/$BB$21 -> 0.022643173 | BF4: =BF$19*BP4/$BB$21 -> 0.026417035 | BG4: =BG$19*BQ4/$BB$21 -> 0.030190898 | ... BI4: =BI$19*BS4/$BB$21 -> 0.037738622 | BJ4: ='5e. Prevalence 5'!I5 -> 0.041512484 | BK4: ='5e. Prevalence 5'!I5 -> 0.041512484 | BL4: ='5e. Prevalence 5'!I5 -> 0.041512484 | BM4: ='5e. Prevalence 5'!I5 -> 0.041512484 | BN4: ='5e. Prevalence 5'!I5 -> 0.041512484 | BO4: ='5e. Prevalence 5'!I5 -> 0.041512484 | BP4: ='5e. Prevalence 5'!I5 -> 0.041512484 | BQ4: ='5e. Prevalence 5'!I5 -> 0.041512484 | BR4: ='5e. Prevalence 5'!I5 -> 0.041512484 | BS4: ='5e. Prevalence 5'!I5 -> 0.041512484 | BT4: ='5e. Prevalence 5'!I5 -> 0.041512484 | BU4: ='5e. Prevalence 5'!I5 -> 0.041512484 | BV4: ='5e. Prevalence 5'!I5 -> 0.041512484 | BW4: ='5e. Prevalence 5'!I5 -> 0.041512484 | BX4: ='5e. Prevalence 5'!I5 -> 0.041512484 | BY4: ='5e. Prevalence 5'!J5 -> 0.12474798 | BZ4: ='5e. Prevalence 5'!J5 -> 0.12474798 | CA4: ='5e. Prevalence 5'!J5 -> 0.12474798 | CB4: ='5e. Prevalence 5'!J5 -> 0.12474798 | CC4: ='5e. Prevalence 5'!J5 -> 0.12474798 | CD4: ='5e. Prevalence 5'!J5 -> 0.12474798 | CE4: ='5e. Prevalence 5'!J5 -> 0.12474798 | CF4: ='5e. Prevalence 5'!J5 -> 0.12474798 | CG4: ='5e. Prevalence 5'!J5 -> 0.12474798 | CH4: ='5e. Prevalence 5'!J5 -> 0.12474798 | CI4: ='5e. Prevalence 5'!K5 -> 0.27895342
A5: Frail Population.initial frailty prevalence[Malay, female, age] | B5: 0 | C5: 0 | D5: 0 | E5: 0 | F5: 0 | G5: 0 | H5: 0 | I5: 0 | J5: 0 | K5: 0 | L5: 0 | M5: 0 | N5: 0 | O5: 0 | P5: 0 | Q5: 0 | R5: 0 | S5: 0 | T5: 0 | U5: 0 | V5: 0 | W5: 0 | X5: 0 | Y5: 0 | Z5: 0 | AA5: 0 | AB5: 0 | AC5: 0 | AD5: 0 | AE5: 0 | AF5: 0 | AG5: 0 | AH5: 0 | AI5: 0 | AJ5: 0 | AK5: 0 | AL5: 0 | AM5: 0 | AN5: 0 | AO5: 0 | AP5: 0 | AQ5: 0 | AR5: 0 | AS5: 0 | AT5: 0 | AU5: 0 | AV5: 0 | AW5: 0 | AX5: 0 | AY5: 0 | AZ5: =AZ$19*BJ5/$BB$21 -> 0.0038938597 | BA5: =BA$19*BK5/$BB$21 -> 0.0077877193 | BB5: =BB$19*BL5/$BB$21 -> 0.011681579 | BC5: =BC$19*BM5/$BB$21 -> 0.015575439 | BD5: =BD$19*BN5/$BB$21 -> 0.019469298 | BE5: =BE$19*BO5/$BB$21 -> 0.023363158 | BF5: =BF$19*BP5/$BB$21 -> 0.027257018 | BG5: =BG$19*BQ5/$BB$21 -> 0.031150877 | ... BI5: =BI$19*BS5/$BB$21 -> 0.038938597 | BJ5: ='5e. Prevalence 5'!I6 -> 0.042832456 | BK5: ='5e. Prevalence 5'!I6 -> 0.042832456 | BL5: ='5e. Prevalence 5'!I6 -> 0.042832456 | BM5: ='5e. Prevalence 5'!I6 -> 0.042832456 | BN5: ='5e. Prevalence 5'!I6 -> 0.042832456 | BO5: ='5e. Prevalence 5'!I6 -> 0.042832456 | BP5: ='5e. Prevalence 5'!I6 -> 0.042832456 | BQ5: ='5e. Prevalence 5'!I6 -> 0.042832456 | BR5: ='5e. Prevalence 5'!I6 -> 0.042832456 | BS5: ='5e. Prevalence 5'!I6 -> 0.042832456 | BT5: ='5e. Prevalence 5'!I6 -> 0.042832456 | BU5: ='5e. Prevalence 5'!I6 -> 0.042832456 | BV5: ='5e. Prevalence 5'!I6 -> 0.042832456 | BW5: ='5e. Prevalence 5'!I6 -> 0.042832456 | BX5: ='5e. Prevalence 5'!I6 -> 0.042832456 | BY5: ='5e. Prevalence 5'!J6 -> 0.12271762 | BZ5: ='5e. Prevalence 5'!J6 -> 0.12271762 | CA5: ='5e. Prevalence 5'!J6 -> 0.12271762 | CB5: ='5e. Prevalence 5'!J6 -> 0.12271762 | CC5: ='5e. Prevalence 5'!J6 -> 0.12271762 | CD5: ='5e. Prevalence 5'!J6 -> 0.12271762 | CE5: ='5e. Prevalence 5'!J6 -> 0.12271762 | CF5: ='5e. Prevalence 5'!J6 -> 0.12271762 | CG5: ='5e. Prevalence 5'!J6 -> 0.12271762 | CH5: ='5e. Prevalence 5'!J6 -> 0.12271762 | CI5: ='5e. Prevalence 5'!K6 -> 0.26823531
A6: Frail Population.initial frailty prevalence[Indian, male, age] | B6: 0 | C6: 0 | D6: 0 | E6: 0 | F6: 0 | G6: 0 | H6: 0 | I6: 0 | J6: 0 | K6: 0 | L6: 0 | M6: 0 | N6: 0 | O6: 0 | P6: 0 | Q6: 0 | R6: 0 | S6: 0 | T6: 0 | U6: 0 | V6: 0 | W6: 0 | X6: 0 | Y6: 0 | Z6: 0 | AA6: 0 | AB6: 0 | AC6: 0 | AD6: 0 | AE6: 0 | AF6: 0 | AG6: 0 | AH6: 0 | AI6: 0 | AJ6: 0 | AK6: 0 | AL6: 0 | AM6: 0 | AN6: 0 | AO6: 0 | AP6: 0 | AQ6: 0 | AR6: 0 | AS6: 0 | AT6: 0 | AU6: 0 | AV6: 0 | AW6: 0 | AX6: 0 | AY6: 0 | AZ6: =AZ$19*BJ6/$BB$21 -> 0.0036997612 | BA6: =BA$19*BK6/$BB$21 -> 0.0073995223 | BB6: =BB$19*BL6/$BB$21 -> 0.011099284 | BC6: =BC$19*BM6/$BB$21 -> 0.014799045 | BD6: =BD$19*BN6/$BB$21 -> 0.018498806 | BE6: =BE$19*BO6/$BB$21 -> 0.022198567 | BF6: =BF$19*BP6/$BB$21 -> 0.025898328 | BG6: =BG$19*BQ6/$BB$21 -> 0.029598089 | ... BI6: =BI$19*BS6/$BB$21 -> 0.036997612 | BJ6: ='5e. Prevalence 5'!I7 -> 0.040697373 | BK6: ='5e. Prevalence 5'!I7 -> 0.040697373 | BL6: ='5e. Prevalence 5'!I7 -> 0.040697373 | BM6: ='5e. Prevalence 5'!I7 -> 0.040697373 | BN6: ='5e. Prevalence 5'!I7 -> 0.040697373 | BO6: ='5e. Prevalence 5'!I7 -> 0.040697373 | BP6: ='5e. Prevalence 5'!I7 -> 0.040697373 | BQ6: ='5e. Prevalence 5'!I7 -> 0.040697373 | BR6: ='5e. Prevalence 5'!I7 -> 0.040697373 | BS6: ='5e. Prevalence 5'!I7 -> 0.040697373 | BT6: ='5e. Prevalence 5'!I7 -> 0.040697373 | BU6: ='5e. Prevalence 5'!I7 -> 0.040697373 | BV6: ='5e. Prevalence 5'!I7 -> 0.040697373 | BW6: ='5e. Prevalence 5'!I7 -> 0.040697373 | BX6: ='5e. Prevalence 5'!I7 -> 0.040697373 | BY6: ='5e. Prevalence 5'!J7 -> 0.12601983 | BZ6: ='5e. Prevalence 5'!J7 -> 0.12601983 | CA6: ='5e. Prevalence 5'!J7 -> 0.12601983 | CB6: ='5e. Prevalence 5'!J7 -> 0.12601983 | CC6: ='5e. Prevalence 5'!J7 -> 0.12601983 | CD6: ='5e. Prevalence 5'!J7 -> 0.12601983 | CE6: ='5e. Prevalence 5'!J7 -> 0.12601983 | CF6: ='5e. Prevalence 5'!J7 -> 0.12601983 | CG6: ='5e. Prevalence 5'!J7 -> 0.12601983 | CH6: ='5e. Prevalence 5'!J7 -> 0.12601983 | CI6: ='5e. Prevalence 5'!K7 -> 0.28611671
A7: Frail Population.initial frailty prevalence[Indian, female, age] | B7: 0 | C7: 0 | D7: 0 | E7: 0 | F7: 0 | G7: 0 | H7: 0 | I7: 0 | J7: 0 | K7: 0 | L7: 0 | M7: 0 | N7: 0 | O7: 0 | P7: 0 | Q7: 0 | R7: 0 | S7: 0 | T7: 0 | U7: 0 | V7: 0 | W7: 0 | X7: 0 | Y7: 0 | Z7: 0 | AA7: 0 | AB7: 0 | AC7: 0 | AD7: 0 | AE7: 0 | AF7: 0 | AG7: 0 | AH7: 0 | AI7: 0 | AJ7: 0 | AK7: 0 | AL7: 0 | AM7: 0 | AN7: 0 | AO7: 0 | AP7: 0 | AQ7: 0 | AR7: 0 | AS7: 0 | AT7: 0 | AU7: 0 | AV7: 0 | AW7: 0 | AX7: 0 | AY7: 0 | AZ7: =AZ$19*BJ7/$BB$21 -> 0.0038704805 | BA7: =BA$19*BK7/$BB$21 -> 0.0077409609 | BB7: =BB$19*BL7/$BB$21 -> 0.011611441 | BC7: =BC$19*BM7/$BB$21 -> 0.015481922 | BD7: =BD$19*BN7/$BB$21 -> 0.019352402 | BE7: =BE$19*BO7/$BB$21 -> 0.023222883 | BF7: =BF$19*BP7/$BB$21 -> 0.027093363 | BG7: =BG$19*BQ7/$BB$21 -> 0.030963844 | ... BI7: =BI$19*BS7/$BB$21 -> 0.038704805 | BJ7: ='5e. Prevalence 5'!I8 -> 0.042575285 | BK7: ='5e. Prevalence 5'!I8 -> 0.042575285 | BL7: ='5e. Prevalence 5'!I8 -> 0.042575285 | BM7: ='5e. Prevalence 5'!I8 -> 0.042575285 | BN7: ='5e. Prevalence 5'!I8 -> 0.042575285 | BO7: ='5e. Prevalence 5'!I8 -> 0.042575285 | BP7: ='5e. Prevalence 5'!I8 -> 0.042575285 | BQ7: ='5e. Prevalence 5'!I8 -> 0.042575285 | BR7: ='5e. Prevalence 5'!I8 -> 0.042575285 | BS7: ='5e. Prevalence 5'!I8 -> 0.042575285 | BT7: ='5e. Prevalence 5'!I8 -> 0.042575285 | BU7: ='5e. Prevalence 5'!I8 -> 0.042575285 | BV7: ='5e. Prevalence 5'!I8 -> 0.042575285 | BW7: ='5e. Prevalence 5'!I8 -> 0.042575285 | BX7: ='5e. Prevalence 5'!I8 -> 0.042575285 | BY7: ='5e. Prevalence 5'!J8 -> 0.12541195 | BZ7: ='5e. Prevalence 5'!J8 -> 0.12541195 | CA7: ='5e. Prevalence 5'!J8 -> 0.12541195 | CB7: ='5e. Prevalence 5'!J8 -> 0.12541195 | CC7: ='5e. Prevalence 5'!J8 -> 0.12541195 | CD7: ='5e. Prevalence 5'!J8 -> 0.12541195 | CE7: ='5e. Prevalence 5'!J8 -> 0.12541195 | CF7: ='5e. Prevalence 5'!J8 -> 0.12541195 | CG7: ='5e. Prevalence 5'!J8 -> 0.12541195 | CH7: ='5e. Prevalence 5'!J8 -> 0.12541195 | CI7: ='5e. Prevalence 5'!K8 -> 0.27730361
A8: Frail Population.initial frailty prevalence[Other, male, age] | B8: 0 | C8: 0 | D8: 0 | E8: 0 | F8: 0 | G8: 0 | H8: 0 | I8: 0 | J8: 0 | K8: 0 | L8: 0 | M8: 0 | N8: 0 | O8: 0 | P8: 0 | Q8: 0 | R8: 0 | S8: 0 | T8: 0 | U8: 0 | V8: 0 | W8: 0 | X8: 0 | Y8: 0 | Z8: 0 | AA8: 0 | AB8: 0 | AC8: 0 | AD8: 0 | AE8: 0 | AF8: 0 | AG8: 0 | AH8: 0 | AI8: 0 | AJ8: 0 | AK8: 0 | AL8: 0 | AM8: 0 | AN8: 0 | AO8: 0 | AP8: 0 | AQ8: 0 | AR8: 0 | AS8: 0 | AT8: 0 | AU8: 0 | AV8: 0 | AW8: 0 | AX8: 0 | AY8: 0 | AZ8: =AZ$19*BJ8/$BB$21 -> 0.0038587009 | BA8: =BA$19*BK8/$BB$21 -> 0.0077174017 | BB8: =BB$19*BL8/$BB$21 -> 0.011576103 | BC8: =BC$19*BM8/$BB$21 -> 0.015434803 | BD8: =BD$19*BN8/$BB$21 -> 0.019293504 | BE8: =BE$19*BO8/$BB$21 -> 0.023152205 | BF8: =BF$19*BP8/$BB$21 -> 0.027010906 | BG8: =BG$19*BQ8/$BB$21 -> 0.030869607 | ... BI8: =BI$19*BS8/$BB$21 -> 0.038587009 | BJ8: ='5e. Prevalence 5'!I9 -> 0.042445709 | BK8: ='5e. Prevalence 5'!I9 -> 0.042445709 | BL8: ='5e. Prevalence 5'!I9 -> 0.042445709 | BM8: ='5e. Prevalence 5'!I9 -> 0.042445709 | BN8: ='5e. Prevalence 5'!I9 -> 0.042445709 | BO8: ='5e. Prevalence 5'!I9 -> 0.042445709 | BP8: ='5e. Prevalence 5'!I9 -> 0.042445709 | BQ8: ='5e. Prevalence 5'!I9 -> 0.042445709 | BR8: ='5e. Prevalence 5'!I9 -> 0.042445709 | BS8: ='5e. Prevalence 5'!I9 -> 0.042445709 | BT8: ='5e. Prevalence 5'!I9 -> 0.042445709 | BU8: ='5e. Prevalence 5'!I9 -> 0.042445709 | BV8: ='5e. Prevalence 5'!I9 -> 0.042445709 | BW8: ='5e. Prevalence 5'!I9 -> 0.042445709 | BX8: ='5e. Prevalence 5'!I9 -> 0.042445709 | BY8: ='5e. Prevalence 5'!J9 -> 0.13957754 | BZ8: ='5e. Prevalence 5'!J9 -> 0.13957754 | CA8: ='5e. Prevalence 5'!J9 -> 0.13957754 | CB8: ='5e. Prevalence 5'!J9 -> 0.13957754 | CC8: ='5e. Prevalence 5'!J9 -> 0.13957754 | CD8: ='5e. Prevalence 5'!J9 -> 0.13957754 | CE8: ='5e. Prevalence 5'!J9 -> 0.13957754 | CF8: ='5e. Prevalence 5'!J9 -> 0.13957754 | CG8: ='5e. Prevalence 5'!J9 -> 0.13957754 | CH8: ='5e. Prevalence 5'!J9 -> 0.13957754 | CI8: ='5e. Prevalence 5'!K9 -> 0.32372303
A9: Frail Population.initial frailty prevalence[Other, female, age] | B9: 0 | C9: 0 | D9: 0 | E9: 0 | F9: 0 | G9: 0 | H9: 0 | I9: 0 | J9: 0 | K9: 0 | L9: 0 | M9: 0 | N9: 0 | O9: 0 | P9: 0 | Q9: 0 | R9: 0 | S9: 0 | T9: 0 | U9: 0 | V9: 0 | W9: 0 | X9: 0 | Y9: 0 | Z9: 0 | AA9: 0 | AB9: 0 | AC9: 0 | AD9: 0 | AE9: 0 | AF9: 0 | AG9: 0 | AH9: 0 | AI9: 0 | AJ9: 0 | AK9: 0 | AL9: 0 | AM9: 0 | AN9: 0 | AO9: 0 | AP9: 0 | AQ9: 0 | AR9: 0 | AS9: 0 | AT9: 0 | AU9: 0 | AV9: 0 | AW9: 0 | AX9: 0 | AY9: 0 | AZ9: =AZ$19*BJ9/$BB$21 -> 0.0041616247 | BA9: =BA$19*BK9/$BB$21 -> 0.0083232494 | BB9: =BB$19*BL9/$BB$21 -> 0.012484874 | BC9: =BC$19*BM9/$BB$21 -> 0.016646499 | BD9: =BD$19*BN9/$BB$21 -> 0.020808124 | BE9: =BE$19*BO9/$BB$21 -> 0.024969748 | BF9: =BF$19*BP9/$BB$21 -> 0.029131373 | BG9: =BG$19*BQ9/$BB$21 -> 0.033292998 | ... BI9: =BI$19*BS9/$BB$21 -> 0.041616247 | BJ9: ='5e. Prevalence 5'!I10 -> 0.045777872 | BK9: ='5e. Prevalence 5'!I10 -> 0.045777872 | BL9: ='5e. Prevalence 5'!I10 -> 0.045777872 | BM9: ='5e. Prevalence 5'!I10 -> 0.045777872 | BN9: ='5e. Prevalence 5'!I10 -> 0.045777872 | BO9: ='5e. Prevalence 5'!I10 -> 0.045777872 | BP9: ='5e. Prevalence 5'!I10 -> 0.045777872 | BQ9: ='5e. Prevalence 5'!I10 -> 0.045777872 | BR9: ='5e. Prevalence 5'!I10 -> 0.045777872 | BS9: ='5e. Prevalence 5'!I10 -> 0.045777872 | BT9: ='5e. Prevalence 5'!I10 -> 0.045777872 | BU9: ='5e. Prevalence 5'!I10 -> 0.045777872 | BV9: ='5e. Prevalence 5'!I10 -> 0.045777872 | BW9: ='5e. Prevalence 5'!I10 -> 0.045777872 | BX9: ='5e. Prevalence 5'!I10 -> 0.045777872 | BY9: ='5e. Prevalence 5'!J10 -> 0.14286208 | BZ9: ='5e. Prevalence 5'!J10 -> 0.14286208 | CA9: ='5e. Prevalence 5'!J10 -> 0.14286208 | CB9: ='5e. Prevalence 5'!J10 -> 0.14286208 | CC9: ='5e. Prevalence 5'!J10 -> 0.14286208 | CD9: ='5e. Prevalence 5'!J10 -> 0.14286208 | CE9: ='5e. Prevalence 5'!J10 -> 0.14286208 | CF9: ='5e. Prevalence 5'!J10 -> 0.14286208 | CG9: ='5e. Prevalence 5'!J10 -> 0.14286208 | CH9: ='5e. Prevalence 5'!J10 -> 0.14286208 | CI9: ='5e. Prevalence 5'!K10 -> 0.32027894
A10: Frail Population.Initial prefrailty prevalance[Chinese, male, age] | B10: 0 | C10: 0 | D10: 0 | E10: 0 | F10: 0 | G10: 0 | H10: 0 | I10: 0 | J10: 0 | K10: 0 | L10: 0 | M10: 0 | N10: 0 | O10: 0 | P10: 0 | Q10: 0 | R10: 0 | S10: 0 | T10: 0 | U10: 0 | V10: 0 | W10: 0 | X10: 0 | Y10: 0 | Z10: 0 | AA10: 0 | AB10: 0 | AC10: 0 | AD10: 0 | AE10: 0 | AF10: 0 | AG10: 0 | AH10: 0 | AI10: 0 | AJ10: 0 | AK10: 0 | AL10: 0 | AM10: 0 | AN10: 0 | AO10: 0 | AP10: 0 | AQ10: 0 | AR10: 0 | AS10: 0 | AT10: 0 | AU10: 0 | AV10: 0 | AW10: 0 | AX10: 0 | AY10: 0 | AZ10: =AZ$19*BJ10/$BB$21 -> 0.03169298 | BA10: =BA$19*BK10/$BB$21 -> 0.06338596 | BB10: =BB$19*BL10/$BB$21 -> 0.09507894 | BC10: =BC$19*BM10/$BB$21 -> 0.12677192 | BD10: =BD$19*BN10/$BB$21 -> 0.1584649 | BE10: =BE$19*BO10/$BB$21 -> 0.19015788 | BF10: =BF$19*BP10/$BB$21 -> 0.22185086 | BG10: =BG$19*BQ10/$BB$21 -> 0.25354384 | ... BI10: =BI$19*BS10/$BB$21 -> 0.3169298 | BJ10: ='5e. Prevalence 5'!F3 -> 0.34862278 | BK10: ='5e. Prevalence 5'!F3 -> 0.34862278 | BL10: ='5e. Prevalence 5'!F3 -> 0.34862278 | BM10: ='5e. Prevalence 5'!F3 -> 0.34862278 | BN10: ='5e. Prevalence 5'!F3 -> 0.34862278 | BO10: ='5e. Prevalence 5'!F3 -> 0.34862278 | BP10: ='5e. Prevalence 5'!F3 -> 0.34862278 | BQ10: ='5e. Prevalence 5'!F3 -> 0.34862278 | BR10: ='5e. Prevalence 5'!F3 -> 0.34862278 | BS10: ='5e. Prevalence 5'!F3 -> 0.34862278 | BT10: ='5e. Prevalence 5'!F3 -> 0.34862278 | BU10: ='5e. Prevalence 5'!F3 -> 0.34862278 | BV10: ='5e. Prevalence 5'!F3 -> 0.34862278 | BW10: ='5e. Prevalence 5'!F3 -> 0.34862278 | BX10: ='5e. Prevalence 5'!F3 -> 0.34862278 | BY10: ='5e. Prevalence 5'!G3 -> 0.47342141 | BZ10: ='5e. Prevalence 5'!G3 -> 0.47342141 | CA10: ='5e. Prevalence 5'!G3 -> 0.47342141 | CB10: ='5e. Prevalence 5'!G3 -> 0.47342141 | CC10: ='5e. Prevalence 5'!G3 -> 0.47342141 | CD10: ='5e. Prevalence 5'!G3 -> 0.47342141 | CE10: ='5e. Prevalence 5'!G3 -> 0.47342141 | CF10: ='5e. Prevalence 5'!G3 -> 0.47342141 | CG10: ='5e. Prevalence 5'!G3 -> 0.47342141 | CH10: ='5e. Prevalence 5'!G3 -> 0.47342141 | CI10: ='5e. Prevalence 5'!H3 -> 0.49650418
A11: Frail Population.Initial prefrailty prevalance[Chinese, female, age] | B11: 0 | C11: 0 | D11: 0 | E11: 0 | F11: 0 | G11: 0 | H11: 0 | I11: 0 | J11: 0 | K11: 0 | L11: 0 | M11: 0 | N11: 0 | O11: 0 | P11: 0 | Q11: 0 | R11: 0 | S11: 0 | T11: 0 | U11: 0 | V11: 0 | W11: 0 | X11: 0 | Y11: 0 | Z11: 0 | AA11: 0 | AB11: 0 | AC11: 0 | AD11: 0 | AE11: 0 | AF11: 0 | AG11: 0 | AH11: 0 | AI11: 0 | AJ11: 0 | AK11: 0 | AL11: 0 | AM11: 0 | AN11: 0 | AO11: 0 | AP11: 0 | AQ11: 0 | AR11: 0 | AS11: 0 | AT11: 0 | AU11: 0 | AV11: 0 | AW11: 0 | AX11: 0 | AY11: 0 | AZ11: =AZ$19*BJ11/$BB$21 -> 0.038072712 | BA11: =BA$19*BK11/$BB$21 -> 0.076145425 | BB11: =BB$19*BL11/$BB$21 -> 0.11421814 | BC11: =BC$19*BM11/$BB$21 -> 0.15229085 | BD11: =BD$19*BN11/$BB$21 -> 0.19036356 | BE11: =BE$19*BO11/$BB$21 -> 0.22843627 | BF11: =BF$19*BP11/$BB$21 -> 0.26650899 | BG11: =BG$19*BQ11/$BB$21 -> 0.3045817 | ... BI11: =BI$19*BS11/$BB$21 -> 0.38072712 | BJ11: ='5e. Prevalence 5'!F4 -> 0.41879984 | BK11: ='5e. Prevalence 5'!F4 -> 0.41879984 | BL11: ='5e. Prevalence 5'!F4 -> 0.41879984 | BM11: ='5e. Prevalence 5'!F4 -> 0.41879984 | BN11: ='5e. Prevalence 5'!F4 -> 0.41879984 | BO11: ='5e. Prevalence 5'!F4 -> 0.41879984 | BP11: ='5e. Prevalence 5'!F4 -> 0.41879984 | BQ11: ='5e. Prevalence 5'!F4 -> 0.41879984 | BR11: ='5e. Prevalence 5'!F4 -> 0.41879984 | BS11: ='5e. Prevalence 5'!F4 -> 0.41879984 | BT11: ='5e. Prevalence 5'!F4 -> 0.41879984 | BU11: ='5e. Prevalence 5'!F4 -> 0.41879984 | BV11: ='5e. Prevalence 5'!F4 -> 0.41879984 | BW11: ='5e. Prevalence 5'!F4 -> 0.41879984 | BX11: ='5e. Prevalence 5'!F4 -> 0.41879984 | BY11: ='5e. Prevalence 5'!G4 -> 0.53994594 | BZ11: ='5e. Prevalence 5'!G4 -> 0.53994594 | CA11: ='5e. Prevalence 5'!G4 -> 0.53994594 | CB11: ='5e. Prevalence 5'!G4 -> 0.53994594 | CC11: ='5e. Prevalence 5'!G4 -> 0.53994594 | CD11: ='5e. Prevalence 5'!G4 -> 0.53994594 | CE11: ='5e. Prevalence 5'!G4 -> 0.53994594 | CF11: ='5e. Prevalence 5'!G4 -> 0.53994594 | CG11: ='5e. Prevalence 5'!G4 -> 0.53994594 | CH11: ='5e. Prevalence 5'!G4 -> 0.53994594 | CI11: ='5e. Prevalence 5'!H4 -> 0.54832431
A12: Frail Population.Initial prefrailty prevalance[Malay, male, age] | B12: 0 | C12: 0 | D12: 0 | E12: 0 | F12: 0 | G12: 0 | H12: 0 | I12: 0 | J12: 0 | K12: 0 | L12: 0 | M12: 0 | N12: 0 | O12: 0 | P12: 0 | Q12: 0 | R12: 0 | S12: 0 | T12: 0 | U12: 0 | V12: 0 | W12: 0 | X12: 0 | Y12: 0 | Z12: 0 | AA12: 0 | AB12: 0 | AC12: 0 | AD12: 0 | AE12: 0 | AF12: 0 | AG12: 0 | AH12: 0 | AI12: 0 | AJ12: 0 | AK12: 0 | AL12: 0 | AM12: 0 | AN12: 0 | AO12: 0 | AP12: 0 | AQ12: 0 | AR12: 0 | AS12: 0 | AT12: 0 | AU12: 0 | AV12: 0 | AW12: 0 | AX12: 0 | AY12: 0 | AZ12: =AZ$19*BJ12/$BB$21 -> 0.040232953 | BA12: =BA$19*BK12/$BB$21 -> 0.080465907 | BB12: =BB$19*BL12/$BB$21 -> 0.12069886 | BC12: =BC$19*BM12/$BB$21 -> 0.16093181 | BD12: =BD$19*BN12/$BB$21 -> 0.20116477 | BE12: =BE$19*BO12/$BB$21 -> 0.24139772 | BF12: =BF$19*BP12/$BB$21 -> 0.28163067 | BG12: =BG$19*BQ12/$BB$21 -> 0.32186363 | ... BI12: =BI$19*BS12/$BB$21 -> 0.40232953 | BJ12: ='5e. Prevalence 5'!F5 -> 0.44256249 | BK12: ='5e. Prevalence 5'!F5 -> 0.44256249 | BL12: ='5e. Prevalence 5'!F5 -> 0.44256249 | BM12: ='5e. Prevalence 5'!F5 -> 0.44256249 | BN12: ='5e. Prevalence 5'!F5 -> 0.44256249 | BO12: ='5e. Prevalence 5'!F5 -> 0.44256249 | BP12: ='5e. Prevalence 5'!F5 -> 0.44256249 | BQ12: ='5e. Prevalence 5'!F5 -> 0.44256249 | BR12: ='5e. Prevalence 5'!F5 -> 0.44256249 | BS12: ='5e. Prevalence 5'!F5 -> 0.44256249 | BT12: ='5e. Prevalence 5'!F5 -> 0.44256249 | BU12: ='5e. Prevalence 5'!F5 -> 0.44256249 | BV12: ='5e. Prevalence 5'!F5 -> 0.44256249 | BW12: ='5e. Prevalence 5'!F5 -> 0.44256249 | BX12: ='5e. Prevalence 5'!F5 -> 0.44256249 | BY12: ='5e. Prevalence 5'!G5 -> 0.55355983 | BZ12: ='5e. Prevalence 5'!G5 -> 0.55355983 | CA12: ='5e. Prevalence 5'!G5 -> 0.55355983 | CB12: ='5e. Prevalence 5'!G5 -> 0.55355983 | CC12: ='5e. Prevalence 5'!G5 -> 0.55355983 | CD12: ='5e. Prevalence 5'!G5 -> 0.55355983 | CE12: ='5e. Prevalence 5'!G5 -> 0.55355983 | CF12: ='5e. Prevalence 5'!G5 -> 0.55355983 | CG12: ='5e. Prevalence 5'!G5 -> 0.55355983 | CH12: ='5e. Prevalence 5'!G5 -> 0.55355983 | CI12: ='5e. Prevalence 5'!H5 -> 0.54407203
A13: Frail Population.Initial prefrailty prevalance[Malay, female, age] | B13: 0 | C13: 0 | D13: 0 | E13: 0 | F13: 0 | G13: 0 | H13: 0 | I13: 0 | J13: 0 | K13: 0 | L13: 0 | M13: 0 | N13: 0 | O13: 0 | P13: 0 | Q13: 0 | R13: 0 | S13: 0 | T13: 0 | U13: 0 | V13: 0 | W13: 0 | X13: 0 | Y13: 0 | Z13: 0 | AA13: 0 | AB13: 0 | AC13: 0 | AD13: 0 | AE13: 0 | AF13: 0 | AG13: 0 | AH13: 0 | AI13: 0 | AJ13: 0 | AK13: 0 | AL13: 0 | AM13: 0 | AN13: 0 | AO13: 0 | AP13: 0 | AQ13: 0 | AR13: 0 | AS13: 0 | AT13: 0 | AU13: 0 | AV13: 0 | AW13: 0 | AX13: 0 | AY13: 0 | AZ13: =AZ$19*BJ13/$BB$21 -> 0.046859594 | BA13: =BA$19*BK13/$BB$21 -> 0.093719189 | BB13: =BB$19*BL13/$BB$21 -> 0.14057878 | BC13: =BC$19*BM13/$BB$21 -> 0.18743838 | BD13: =BD$19*BN13/$BB$21 -> 0.23429797 | BE13: =BE$19*BO13/$BB$21 -> 0.28115757 | BF13: =BF$19*BP13/$BB$21 -> 0.32801716 | BG13: =BG$19*BQ13/$BB$21 -> 0.37487675 | ... BI13: =BI$19*BS13/$BB$21 -> 0.46859594 | BJ13: ='5e. Prevalence 5'!F6 -> 0.51545554 | BK13: ='5e. Prevalence 5'!F6 -> 0.51545554 | BL13: ='5e. Prevalence 5'!F6 -> 0.51545554 | BM13: ='5e. Prevalence 5'!F6 -> 0.51545554 | BN13: ='5e. Prevalence 5'!F6 -> 0.51545554 | BO13: ='5e. Prevalence 5'!F6 -> 0.51545554 | BP13: ='5e. Prevalence 5'!F6 -> 0.51545554 | BQ13: ='5e. Prevalence 5'!F6 -> 0.51545554 | BR13: ='5e. Prevalence 5'!F6 -> 0.51545554 | BS13: ='5e. Prevalence 5'!F6 -> 0.51545554 | BT13: ='5e. Prevalence 5'!F6 -> 0.51545554 | BU13: ='5e. Prevalence 5'!F6 -> 0.51545554 | BV13: ='5e. Prevalence 5'!F6 -> 0.51545554 | BW13: ='5e. Prevalence 5'!F6 -> 0.51545554 | BX13: ='5e. Prevalence 5'!F6 -> 0.51545554 | BY13: ='5e. Prevalence 5'!G6 -> 0.61469594 | BZ13: ='5e. Prevalence 5'!G6 -> 0.61469594 | CA13: ='5e. Prevalence 5'!G6 -> 0.61469594 | CB13: ='5e. Prevalence 5'!G6 -> 0.61469594 | CC13: ='5e. Prevalence 5'!G6 -> 0.61469594 | CD13: ='5e. Prevalence 5'!G6 -> 0.61469594 | CE13: ='5e. Prevalence 5'!G6 -> 0.61469594 | CF13: ='5e. Prevalence 5'!G6 -> 0.61469594 | CG13: ='5e. Prevalence 5'!G6 -> 0.61469594 | CH13: ='5e. Prevalence 5'!G6 -> 0.61469594 | CI13: ='5e. Prevalence 5'!H6 -> 0.59055861
A14: Frail Population.Initial prefrailty prevalance[Indian, male, age] | B14: 0 | C14: 0 | D14: 0 | E14: 0 | F14: 0 | G14: 0 | H14: 0 | I14: 0 | J14: 0 | K14: 0 | L14: 0 | M14: 0 | N14: 0 | O14: 0 | P14: 0 | Q14: 0 | R14: 0 | S14: 0 | T14: 0 | U14: 0 | V14: 0 | W14: 0 | X14: 0 | Y14: 0 | Z14: 0 | AA14: 0 | AB14: 0 | AC14: 0 | AD14: 0 | AE14: 0 | AF14: 0 | AG14: 0 | AH14: 0 | AI14: 0 | AJ14: 0 | AK14: 0 | AL14: 0 | AM14: 0 | AN14: 0 | AO14: 0 | AP14: 0 | AQ14: 0 | AR14: 0 | AS14: 0 | AT14: 0 | AU14: 0 | AV14: 0 | AW14: 0 | AX14: 0 | AY14: 0 | AZ14: =AZ$19*BJ14/$BB$21 -> 0.036234687 | BA14: =BA$19*BK14/$BB$21 -> 0.072469373 | BB14: =BB$19*BL14/$BB$21 -> 0.10870406 | BC14: =BC$19*BM14/$BB$21 -> 0.14493875 | BD14: =BD$19*BN14/$BB$21 -> 0.18117343 | BE14: =BE$19*BO14/$BB$21 -> 0.21740812 | BF14: =BF$19*BP14/$BB$21 -> 0.25364281 | BG14: =BG$19*BQ14/$BB$21 -> 0.28987749 | ... BI14: =BI$19*BS14/$BB$21 -> 0.36234687 | BJ14: ='5e. Prevalence 5'!F7 -> 0.39858155 | BK14: ='5e. Prevalence 5'!F7 -> 0.39858155 | BL14: ='5e. Prevalence 5'!F7 -> 0.39858155 | BM14: ='5e. Prevalence 5'!F7 -> 0.39858155 | BN14: ='5e. Prevalence 5'!F7 -> 0.39858155 | BO14: ='5e. Prevalence 5'!F7 -> 0.39858155 | BP14: ='5e. Prevalence 5'!F7 -> 0.39858155 | BQ14: ='5e. Prevalence 5'!F7 -> 0.39858155 | BR14: ='5e. Prevalence 5'!F7 -> 0.39858155 | BS14: ='5e. Prevalence 5'!F7 -> 0.39858155 | BT14: ='5e. Prevalence 5'!F7 -> 0.39858155 | BU14: ='5e. Prevalence 5'!F7 -> 0.39858155 | BV14: ='5e. Prevalence 5'!F7 -> 0.39858155 | BW14: ='5e. Prevalence 5'!F7 -> 0.39858155 | BX14: ='5e. Prevalence 5'!F7 -> 0.39858155 | BY14: ='5e. Prevalence 5'!G7 -> 0.51371812 | BZ14: ='5e. Prevalence 5'!G7 -> 0.51371812 | CA14: ='5e. Prevalence 5'!G7 -> 0.51371812 | CB14: ='5e. Prevalence 5'!G7 -> 0.51371812 | CC14: ='5e. Prevalence 5'!G7 -> 0.51371812 | CD14: ='5e. Prevalence 5'!G7 -> 0.51371812 | CE14: ='5e. Prevalence 5'!G7 -> 0.51371812 | CF14: ='5e. Prevalence 5'!G7 -> 0.51371812 | CG14: ='5e. Prevalence 5'!G7 -> 0.51371812 | CH14: ='5e. Prevalence 5'!G7 -> 0.51371812 | CI14: ='5e. Prevalence 5'!H7 -> 0.51265225
A15: Frail Population.Initial prefrailty prevalance[Indian, female, age] | B15: 0 | C15: 0 | D15: 0 | E15: 0 | F15: 0 | G15: 0 | H15: 0 | I15: 0 | J15: 0 | K15: 0 | L15: 0 | M15: 0 | N15: 0 | O15: 0 | P15: 0 | Q15: 0 | R15: 0 | S15: 0 | T15: 0 | U15: 0 | V15: 0 | W15: 0 | X15: 0 | Y15: 0 | Z15: 0 | AA15: 0 | AB15: 0 | AC15: 0 | AD15: 0 | AE15: 0 | AF15: 0 | AG15: 0 | AH15: 0 | AI15: 0 | AJ15: 0 | AK15: 0 | AL15: 0 | AM15: 0 | AN15: 0 | AO15: 0 | AP15: 0 | AQ15: 0 | AR15: 0 | AS15: 0 | AT15: 0 | AU15: 0 | AV15: 0 | AW15: 0 | AX15: 0 | AY15: 0 | AZ15: =AZ$19*BJ15/$BB$21 -> 0.042789583 | BA15: =BA$19*BK15/$BB$21 -> 0.085579165 | BB15: =BB$19*BL15/$BB$21 -> 0.12836875 | BC15: =BC$19*BM15/$BB$21 -> 0.17115833 | BD15: =BD$19*BN15/$BB$21 -> 0.21394791 | BE15: =BE$19*BO15/$BB$21 -> 0.2567375 | BF15: =BF$19*BP15/$BB$21 -> 0.29952708 | BG15: =BG$19*BQ15/$BB$21 -> 0.34231666 | ... BI15: =BI$19*BS15/$BB$21 -> 0.42789583 | BJ15: ='5e. Prevalence 5'!F8 -> 0.47068541 | BK15: ='5e. Prevalence 5'!F8 -> 0.47068541 | BL15: ='5e. Prevalence 5'!F8 -> 0.47068541 | BM15: ='5e. Prevalence 5'!F8 -> 0.47068541 | BN15: ='5e. Prevalence 5'!F8 -> 0.47068541 | BO15: ='5e. Prevalence 5'!F8 -> 0.47068541 | BP15: ='5e. Prevalence 5'!F8 -> 0.47068541 | BQ15: ='5e. Prevalence 5'!F8 -> 0.47068541 | BR15: ='5e. Prevalence 5'!F8 -> 0.47068541 | BS15: ='5e. Prevalence 5'!F8 -> 0.47068541 | BT15: ='5e. Prevalence 5'!F8 -> 0.47068541 | BU15: ='5e. Prevalence 5'!F8 -> 0.47068541 | BV15: ='5e. Prevalence 5'!F8 -> 0.47068541 | BW15: ='5e. Prevalence 5'!F8 -> 0.47068541 | BX15: ='5e. Prevalence 5'!F8 -> 0.47068541 | BY15: ='5e. Prevalence 5'!G8 -> 0.57709494 | BZ15: ='5e. Prevalence 5'!G8 -> 0.57709494 | CA15: ='5e. Prevalence 5'!G8 -> 0.57709494 | CB15: ='5e. Prevalence 5'!G8 -> 0.57709494 | CC15: ='5e. Prevalence 5'!G8 -> 0.57709494 | CD15: ='5e. Prevalence 5'!G8 -> 0.57709494 | CE15: ='5e. Prevalence 5'!G8 -> 0.57709494 | CF15: ='5e. Prevalence 5'!G8 -> 0.57709494 | CG15: ='5e. Prevalence 5'!G8 -> 0.57709494 | CH15: ='5e. Prevalence 5'!G8 -> 0.57709494 | CI15: ='5e. Prevalence 5'!H8 -> 0.56086394
A16: Frail Population.Initial prefrailty prevalance[Other, male, age] | B16: 0 | C16: 0 | D16: 0 | E16: 0 | F16: 0 | G16: 0 | H16: 0 | I16: 0 | J16: 0 | K16: 0 | L16: 0 | M16: 0 | N16: 0 | O16: 0 | P16: 0 | Q16: 0 | R16: 0 | S16: 0 | T16: 0 | U16: 0 | V16: 0 | W16: 0 | X16: 0 | Y16: 0 | Z16: 0 | AA16: 0 | AB16: 0 | AC16: 0 | AD16: 0 | AE16: 0 | AF16: 0 | AG16: 0 | AH16: 0 | AI16: 0 | AJ16: 0 | AK16: 0 | AL16: 0 | AM16: 0 | AN16: 0 | AO16: 0 | AP16: 0 | AQ16: 0 | AR16: 0 | AS16: 0 | AT16: 0 | AU16: 0 | AV16: 0 | AW16: 0 | AX16: 0 | AY16: 0 | AZ16: =AZ$19*BJ16/$BB$21 -> 0.027424943 | BA16: =BA$19*BK16/$BB$21 -> 0.054849885 | BB16: =BB$19*BL16/$BB$21 -> 0.082274828 | BC16: =BC$19*BM16/$BB$21 -> 0.10969977 | BD16: =BD$19*BN16/$BB$21 -> 0.13712471 | BE16: =BE$19*BO16/$BB$21 -> 0.16454966 | BF16: =BF$19*BP16/$BB$21 -> 0.1919746 | BG16: =BG$19*BQ16/$BB$21 -> 0.21939954 | ... BI16: =BI$19*BS16/$BB$21 -> 0.27424943 | BJ16: ='5e. Prevalence 5'!F9 -> 0.30167437 | BK16: ='5e. Prevalence 5'!F9 -> 0.30167437 | BL16: ='5e. Prevalence 5'!F9 -> 0.30167437 | BM16: ='5e. Prevalence 5'!F9 -> 0.30167437 | BN16: ='5e. Prevalence 5'!F9 -> 0.30167437 | BO16: ='5e. Prevalence 5'!F9 -> 0.30167437 | BP16: ='5e. Prevalence 5'!F9 -> 0.30167437 | BQ16: ='5e. Prevalence 5'!F9 -> 0.30167437 | BR16: ='5e. Prevalence 5'!F9 -> 0.30167437 | BS16: ='5e. Prevalence 5'!F9 -> 0.30167437 | BT16: ='5e. Prevalence 5'!F9 -> 0.30167437 | BU16: ='5e. Prevalence 5'!F9 -> 0.30167437 | BV16: ='5e. Prevalence 5'!F9 -> 0.30167437 | BW16: ='5e. Prevalence 5'!F9 -> 0.30167437 | BX16: ='5e. Prevalence 5'!F9 -> 0.30167437 | BY16: ='5e. Prevalence 5'!G9 -> 0.41290993 | BZ16: ='5e. Prevalence 5'!G9 -> 0.41290993 | CA16: ='5e. Prevalence 5'!G9 -> 0.41290993 | CB16: ='5e. Prevalence 5'!G9 -> 0.41290993 | CC16: ='5e. Prevalence 5'!G9 -> 0.41290993 | CD16: ='5e. Prevalence 5'!G9 -> 0.41290993 | CE16: ='5e. Prevalence 5'!G9 -> 0.41290993 | CF16: ='5e. Prevalence 5'!G9 -> 0.41290993 | CG16: ='5e. Prevalence 5'!G9 -> 0.41290993 | CH16: ='5e. Prevalence 5'!G9 -> 0.41290993 | CI16: ='5e. Prevalence 5'!H9 -> 0.42092725
A17: Frail Population.Initial prefrailty prevalance[Other, female, age] | B17: 0 | C17: 0 | D17: 0 | E17: 0 | F17: 0 | G17: 0 | H17: 0 | I17: 0 | J17: 0 | K17: 0 | L17: 0 | M17: 0 | N17: 0 | O17: 0 | P17: 0 | Q17: 0 | R17: 0 | S17: 0 | T17: 0 | U17: 0 | V17: 0 | W17: 0 | X17: 0 | Y17: 0 | Z17: 0 | AA17: 0 | AB17: 0 | AC17: 0 | AD17: 0 | AE17: 0 | AF17: 0 | AG17: 0 | AH17: 0 | AI17: 0 | AJ17: 0 | AK17: 0 | AL17: 0 | AM17: 0 | AN17: 0 | AO17: 0 | AP17: 0 | AQ17: 0 | AR17: 0 | AS17: 0 | AT17: 0 | AU17: 0 | AV17: 0 | AW17: 0 | AX17: 0 | AY17: 0 | AZ17: =AZ$19*BJ17/$BB$21 -> 0.03338796 | BA17: =BA$19*BK17/$BB$21 -> 0.06677592 | BB17: =BB$19*BL17/$BB$21 -> 0.10016388 | BC17: =BC$19*BM17/$BB$21 -> 0.13355184 | BD17: =BD$19*BN17/$BB$21 -> 0.1669398 | BE17: =BE$19*BO17/$BB$21 -> 0.20032776 | BF17: =BF$19*BP17/$BB$21 -> 0.23371572 | BG17: =BG$19*BQ17/$BB$21 -> 0.26710368 | ... BI17: =BI$19*BS17/$BB$21 -> 0.3338796 | BJ17: ='5e. Prevalence 5'!F10 -> 0.36726756 | BK17: ='5e. Prevalence 5'!F10 -> 0.36726756 | BL17: ='5e. Prevalence 5'!F10 -> 0.36726756 | BM17: ='5e. Prevalence 5'!F10 -> 0.36726756 | BN17: ='5e. Prevalence 5'!F10 -> 0.36726756 | BO17: ='5e. Prevalence 5'!F10 -> 0.36726756 | BP17: ='5e. Prevalence 5'!F10 -> 0.36726756 | BQ17: ='5e. Prevalence 5'!F10 -> 0.36726756 | BR17: ='5e. Prevalence 5'!F10 -> 0.36726756 | BS17: ='5e. Prevalence 5'!F10 -> 0.36726756 | BT17: ='5e. Prevalence 5'!F10 -> 0.36726756 | BU17: ='5e. Prevalence 5'!F10 -> 0.36726756 | BV17: ='5e. Prevalence 5'!F10 -> 0.36726756 | BW17: ='5e. Prevalence 5'!F10 -> 0.36726756 | BX17: ='5e. Prevalence 5'!F10 -> 0.36726756 | BY17: ='5e. Prevalence 5'!G10 -> 0.47706671 | BZ17: ='5e. Prevalence 5'!G10 -> 0.47706671 | CA17: ='5e. Prevalence 5'!G10 -> 0.47706671 | CB17: ='5e. Prevalence 5'!G10 -> 0.47706671 | CC17: ='5e. Prevalence 5'!G10 -> 0.47706671 | CD17: ='5e. Prevalence 5'!G10 -> 0.47706671 | CE17: ='5e. Prevalence 5'!G10 -> 0.47706671 | CF17: ='5e. Prevalence 5'!G10 -> 0.47706671 | CG17: ='5e. Prevalence 5'!G10 -> 0.47706671 | CH17: ='5e. Prevalence 5'!G10 -> 0.47706671 | CI17: ='5e. Prevalence 5'!H10 -> 0.47009343
AZ19: 1 | BA19: 2 | BB19: 3 | BC19: 4 | BD19: 5 | BE19: 6 | BF19: 7 | BG19: 8 | BH19: 9 | BI19: 10
AZ20: Start age | BB20: 50
AZ21: Spead over | BB21: =60-BB20+1 -> 11

Sheet ohca_population_wide
A1: Metric | B1: Gender | C1: Age | D1: 2010 | E1: 2011 | F1: 2012 | G1: 2013 | H1: 2014 | I1: 2015 | J1: 2016 | K1: 2017 | L1: 2018 | M1: 2019 | N1: 2020 | O1: 2021 | P1: 2022 | Q1: 2023 | R1: 2024 | S1: 2025
A2: ASMR | B2: Female | C2: 0 | D2: 2.1 | E2: 1.7 | F2: 1.6 | G2: 2.1 | H2: 1.7 | I2: 1.2 | J2: 2.5 | K2: 2.4 | L2: 1.9 | M2: 1.6 | N2: 1.4 | O2: 1.9 | P2: 1.6 | Q2: 2.6 | R2: 2.8 | S2: 1.9 | U2: =AVERAGE(D2:S2) -> 1.9375
A3: ASMR | B3: Female | C3: 1 | D3: 0.1 | E3: 0.1 | F3: 0.1 | G3: 0.2 | H3: 0.1 | I3: 0.1 | J3: 0.1 | K3: 0.1 | L3: 0.1 | M3: 0.1 | N3: NA | O3: 0.1 | P3: 0.1 | Q3: 0.1 | R3: 0.1 | S3: 0.2 | U3: =AVERAGE(D3:S3) -> 0.11333333
A4: ASMR | B4: Female | C4: 2 | D4: 0.1 | E4: 0.1 | F4: 0.1 | G4: 0.2 | H4: 0.1 | I4: 0.1 | J4: 0.1 | K4: 0.1 | L4: 0.1 | M4: 0.1 | N4: NA | O4: 0.1 | P4: 0.1 | Q4: 0.1 | R4: 0.1 | S4: 0.2 | U4: =AVERAGE(D4:S4) -> 0.11333333
A5: ASMR | B5: Female | C5: 3 | D5: 0.1 | E5: 0.1 | F5: 0.1 | G5: 0.2 | H5: 0.1 | I5: 0.1 | J5: 0.1 | K5: 0.1 | L5: 0.1 | M5: 0.1 | N5: NA | O5: 0.1 | P5: 0.1 | Q5: 0.1 | R5: 0.1 | S5: 0.2 | U5: =AVERAGE(D5:S5) -> 0.11333333
A6: ASMR | B6: Female | C6: 4 | D6: 0.1 | E6: 0.1 | F6: 0.1 | G6: 0.2 | H6: 0.1 | I6: 0.1 | J6: 0.1 | K6: 0.1 | L6: 0.1 | M6: 0.1 | N6: NA | O6: 0.1 | P6: 0.1 | Q6: 0.1 | R6: 0.1 | S6: 0.2 | U6: =AVERAGE(D6:S6) -> 0.11333333
A7: ASMR | B7: Female | C7: 5 | D7: 0.1 | E7: 0.1 | F7: 0.1 | G7: NA | H7: NA | I7: NA | J7: 0.1 | K7: NA | L7: 0.1 | M7: 0.1 | N7: 0.1 | O7: 0.1 | P7: 0.1 | Q7: 0.1 | R7: 0.1 | S7: 0.1 | U7: =AVERAGE(D7:S7) -> 0.1
A8: ASMR | B8: Female | C8: 6 | D8: 0.1 | E8: 0.1 | F8: 0.1 | G8: NA | H8: NA | I8: NA | J8: 0.1 | K8: NA | L8: 0.1 | M8: 0.1 | N8: 0.1 | O8: 0.1 | P8: 0.1 | Q8: 0.1 | R8: 0.1 | S8: 0.1 | U8: =AVERAGE(D8:S8) -> 0.1
A9: ASMR | B9: Female | C9: 7 | D9: 0.1 | E9: 0.1 | F9: 0.1 | G9: NA | H9: NA | I9: NA | J9: 0.1 | K9: NA | L9: 0.1 | M9: 0.1 | N9: 0.1 | O9: 0.1 | P9: 0.1 | Q9: 0.1 | R9: 0.1 | S9: 0.1 | U9: =AVERAGE(D9:S9) -> 0.1
A10: ASMR | B10: Female | C10: 8 | D10: 0.1 | E10: 0.1 | F10: 0.1 | G10: NA | H10: NA | I10: NA | J10: 0.1 | K10: NA | L10: 0.1 | M10: 0.1 | N10: 0.1 | O10: 0.1 | P10: 0.1 | Q10: 0.1 | R10: 0.1 | S10: 0.1 | U10: =AVERAGE(D10:S10) -> 0.1
A11: ASMR | B11: Female | C11: 9 | D11: 0.1 | E11: 0.1 | F11: 0.1 | G11: NA | H11: NA | I11: NA | J11: 0.1 | K11: NA | L11: 0.1 | M11: 0.1 | N11: 0.1 | O11: 0.1 | P11: 0.1 | Q11: 0.1 | R11: 0.1 | S11: 0.1 | U11: =AVERAGE(D11:S11) -> 0.1
A12: ASMR | B12: Female | C12: 10 | D12: 0.1 | E12: NA | F12: 0.1 | G12: 0.1 | H12: 0.1 | I12: 0.1 | J12: 0.1 | K12: 0.1 | L12: 0.1 | M12: NA | N12: 0.1 | O12: 0.1 | P12: 0.1 | Q12: 0.1 | R12: 0.1 | S12: 0.1 | U12: =AVERAGE(D12:S12) -> 0.1
A13: ASMR | B13: Female | C13: 11 | D13: 0.1 | E13: NA | F13: 0.1 | G13: 0.1 | H13: 0.1 | I13: 0.1 | J13: 0.1 | K13: 0.1 | L13: 0.1 | M13: NA | N13: 0.1 | O13: 0.1 | P13: 0.1 | Q13: 0.1 | R13: 0.1 | S13: 0.1 | U13: =AVERAGE(D13:S13) -> 0.1
A14: ASMR | B14: Female | C14: 12 | D14: 0.1 | E14: NA | F14: 0.1 | G14: 0.1 | H14: 0.1 | I14: 0.1 | J14: 0.1 | K14: 0.1 | L14: 0.1 | M14: NA | N14: 0.1 | O14: 0.1 | P14: 0.1 | Q14: 0.1 | R14: 0.1 | S14: 0.1 | U14: =AVERAGE(D14:S14) -> 0.1
A15: ASMR | B15: Female | C15: 13 | D15: 0.1 | E15: NA | F15: 0.1 | G15: 0.1 | H15: 0.1 | I15: 0.1 | J15: 0.1 | K15: 0.1 | L15: 0.1 | M15: NA | N15: 0.1 | O15: 0.1 | P15: 0.1 | Q15: 0.1 | R15: 0.1 | S15: 0.1 | U15: =AVERAGE(D15:S15) -> 0.1
A16: ASMR | B16: Female | C16: 14 | D16: 0.1 | E16: NA | F16: 0.1 | G16: 0.1 | H16: 0.1 | I16: 0.1 | J16: 0.1 | K16: 0.1 | L16: 0.1 | M16: NA | N16: 0.1 | O16: 0.1 | P16: 0.1 | Q16: 0.1 | R16: 0.1 | S16: 0.1 | U16: =AVERAGE(D16:S16) -> 0.1
A17: ASMR | B17: Female | C17: 15 | D17: 0.1 | E17: 0.2 | F17: 0.2 | G17: 0.2 | H17: 0.2 | I17: 0.2 | J17: 0.1 | K17: 0.1 | L17: 0.1 | M17: 0.1 | N17: 0.1 | O17: 0.3 | P17: 0.1 | Q17: 0.2 | R17: 0.3 | S17: 0.1 | U17: =AVERAGE(D17:S17) -> 0.1625
A18: ASMR | B18: Female | C18: 16 | D18: 0.1 | E18: 0.2 | F18: 0.2 | G18: 0.2 | H18: 0.2 | I18: 0.2 | J18: 0.1 | K18: 0.1 | L18: 0.1 | M18: 0.1 | N18: 0.1 | O18: 0.3 | P18: 0.1 | Q18: 0.2 | R18: 0.3 | S18: 0.1 | U18: =AVERAGE(D18:S18) -> 0.1625
A19: ASMR | B19: Female | C19: 17 | D19: 0.1 | E19: 0.2 | F19: 0.2 | G19: 0.2 | H19: 0.2 | I19: 0.2 | J19: 0.1 | K19: 0.1 | L19: 0.1 | M19: 0.1 | N19: 0.1 | O19: 0.3 | P19: 0.1 | Q19: 0.2 | R19: 0.3 | S19: 0.1 | U19: =AVERAGE(D19:S19) -> 0.1625
A20: ASMR | B20: Female | C20: 18 | D20: 0.1 | E20: 0.2 | F20: 0.2 | G20: 0.2 | H20: 0.2 | I20: 0.2 | J20: 0.1 | K20: 0.1 | L20: 0.1 | M20: 0.1 | N20: 0.1 | O20: 0.3 | P20: 0.1 | Q20: 0.2 | R20: 0.3 | S20: 0.1 | U20: =AVERAGE(D20:S20) -> 0.1625
A21: ASMR | B21: Female | C21: 19 | D21: 0.1 | E21: 0.2 | F21: 0.2 | G21: 0.2 | H21: 0.2 | I21: 0.2 | J21: 0.1 | K21: 0.1 | L21: 0.1 | M21: 0.1 | N21: 0.1 | O21: 0.3 | P21: 0.1 | Q21: 0.2 | R21: 0.3 | S21: 0.1 | U21: =AVERAGE(D21:S21) -> 0.1625
A22: ASMR | B22: Female | C22: 20 | D22: 0.2 | E22: 0.2 | F22: 0.2 | G22: 0.2 | H22: 0.1 | I22: 0.2 | J22: 0.2 | K22: 0.1 | L22: 0.2 | M22: 0.1 | N22: 0.2 | O22: 0.2 | P22: 0.2 | Q22: 0.1 | R22: 0.2 | S22: 0.2 | U22: =AVERAGE(D22:S22) -> 0.175
A23: ASMR | B23: Female | C23: 21 | D23: 0.2 | E23: 0.2 | F23: 0.2 | G23: 0.2 | H23: 0.1 | I23: 0.2 | J23: 0.2 | K23: 0.1 | L23: 0.2 | M23: 0.1 | N23: 0.2 | O23: 0.2 | P23: 0.2 | Q23: 0.1 | R23: 0.2 | S23: 0.2 | U23: =AVERAGE(D23:S23) -> 0.175
A24: ASMR | B24: Female | C24: 22 | D24: 0.2 | E24: 0.2 | F24: 0.2 | G24: 0.2 | H24: 0.1 | I24: 0.2 | J24: 0.2 | K24: 0.1 | L24: 0.2 | M24: 0.1 | N24: 0.2 | O24: 0.2 | P24: 0.2 | Q24: 0.1 | R24: 0.2 | S24: 0.2 | U24: =AVERAGE(D24:S24) -> 0.175
A25: ASMR | B25: Female | C25: 23 | D25: 0.2 | E25: 0.2 | F25: 0.2 | G25: 0.2 | H25: 0.1 | I25: 0.2 | J25: 0.2 | K25: 0.1 | L25: 0.2 | M25: 0.1 | N25: 0.2 | O25: 0.2 | P25: 0.2 | Q25: 0.1 | R25: 0.2 | S25: 0.2 | U25: =AVERAGE(D25:S25) -> 0.175
A26: ASMR | B26: Female | C26: 24 | D26: 0.2 | E26: 0.2 | F26: 0.2 | G26: 0.2 | H26: 0.1 | I26: 0.2 | J26: 0.2 | K26: 0.1 | L26: 0.2 | M26: 0.1 | N26: 0.2 | O26: 0.2 | P26: 0.2 | Q26: 0.1 | R26: 0.2 | S26: 0.2 | U26: =AVERAGE(D26:S26) -> 0.175
A27: ASMR | B27: Female | C27: 25 | D27: 0.2 | E27: 0.2 | F27: 0.2 | G27: 0.2 | H27: 0.1 | I27: 0.2 | J27: 0.2 | K27: 0.2 | L27: 0.2 | M27: 0.2 | N27: 0.2 | O27: 0.2 | P27: 0.1 | Q27: 0.2 | R27: 0.2 | S27: 0.1 | U27: =AVERAGE(D27:S27) -> 0.18125
A28: ASMR | B28: Female | C28: 26 | D28: 0.2 | E28: 0.2 | F28: 0.2 | G28: 0.2 | H28: 0.1 | I28: 0.2 | J28: 0.2 | K28: 0.2 | L28: 0.2 | M28: 0.2 | N28: 0.2 | O28: 0.2 | P28: 0.1 | Q28: 0.2 | R28: 0.2 | S28: 0.1 | U28: =AVERAGE(D28:S28) -> 0.18125
... A107: ASMR | B107: Male | C107: 4 | D107: 0.2 | E107: 0.2 | F107: 0.2 | G107: 0.1 | H107: 0.1 | I107: 0.2 | J107: 0.2 | K107: 0.1 | L107: 0.1 | M107: 0.1 | N107: 0.1 | O107: 0.1 | P107: 0.2 | Q107: 0.2 | R107: 0.1 | S107: 0.1 | U107: =AVERAGE(D107:S107) -> 0.14375
A108: ASMR | B108: Male | C108: 5 | D108: 0.1 | E108: 0.1 | F108: 0.1 | G108: 0.1 | H108: NA | I108: 0.1 | J108: 0.1 | K108: 0.1 | L108: NA | M108: 0.1 | N108: NA | O108: NA | P108: 0.1 | Q108: 0.1 | R108: 0.1 | S108: NA | U108: =AVERAGE(D108:S108) -> 0.1
A109: ASMR | B109: Male | C109: 6 | D109: 0.1 | E109: 0.1 | F109: 0.1 | G109: 0.1 | H109: NA | I109: 0.1 | J109: 0.1 | K109: 0.1 | L109: NA | M109: 0.1 | N109: NA | O109: NA | P109: 0.1 | Q109: 0.1 | R109: 0.1 | S109: NA | U109: =AVERAGE(D109:S109) -> 0.1
A110: ASMR | B110: Male | C110: 7 | D110: 0.1 | E110: 0.1 | F110: 0.1 | G110: 0.1 | H110: NA | I110: 0.1 | J110: 0.1 | K110: 0.1 | L110: NA | M110: 0.1 | N110: NA | O110: NA | P110: 0.1 | Q110: 0.1 | R110: 0.1 | S110: NA | U110: =AVERAGE(D110:S110) -> 0.1
A111: ASMR | B111: Male | C111: 8 | D111: 0.1 | E111: 0.1 | F111: 0.1 | G111: 0.1 | H111: NA | I111: 0.1 | J111: 0.1 | K111: 0.1 | L111: NA | M111: 0.1 | N111: NA | O111: NA | P111: 0.1 | Q111: 0.1 | R111: 0.1 | S111: NA | U111: =AVERAGE(D111:S111) -> 0.1
A112: ASMR | B112: Male | C112: 9 | D112: 0.1 | E112: 0.1 | F112: 0.1 | G112: 0.1 | H112: NA | I112: 0.1 | J112: 0.1 | K112: 0.1 | L112: NA | M112: 0.1 | N112: NA | O112: NA | P112: 0.1 | Q112: 0.1 | R112: 0.1 | S112: NA | U112: =AVERAGE(D112:S112) -> 0.1
A113: ASMR | B113: Male | C113: 10 | D113: 0.1 | E113: 0.1 | F113: 0.2 | G113: 0.1 | H113: NA | I113: 0.1 | J113: 0.2 | K113: 0.1 | L113: 0.1 | M113: NA | N113: 0.1 | O113: 0.1 | P113: 0.2 | Q113: 0.2 | R113: 0.1 | S113: 0.1 | U113: =AVERAGE(D113:S113) -> 0.12857143
A114: ASMR | B114: Male | C114: 11 | D114: 0.1 | E114: 0.1 | F114: 0.2 | G114: 0.1 | H114: NA | I114: 0.1 | J114: 0.2 | K114: 0.1 | L114: 0.1 | M114: NA | N114: 0.1 | O114: 0.1 | P114: 0.2 | Q114: 0.2 | R114: 0.1 | S114: 0.1 | U114: =AVERAGE(D114:S114) -> 0.12857143
A115: ASMR | B115: Male | C115: 12 | D115: 0.1 | E115: 0.1 | F115: 0.2 | G115: 0.1 | H115: NA | I115: 0.1 | J115: 0.2 | K115: 0.1 | L115: 0.1 | M115: NA | N115: 0.1 | O115: 0.1 | P115: 0.2 | Q115: 0.2 | R115: 0.1 | S115: 0.1 | U115: =AVERAGE(D115:S115) -> 0.12857143
A116: ASMR | B116: Male | C116: 13 | D116: 0.1 | E116: 0.1 | F116: 0.2 | G116: 0.1 | H116: NA | I116: 0.1 | J116: 0.2 | K116: 0.1 | L116: 0.1 | M116: NA | N116: 0.1 | O116: 0.1 | P116: 0.2 | Q116: 0.2 | R116: 0.1 | S116: 0.1 | U116: =AVERAGE(D116:S116) -> 0.12857143
A117: ASMR | B117: Male | C117: 14 | D117: 0.1 | E117: 0.1 | F117: 0.2 | G117: 0.1 | H117: NA | I117: 0.1 | J117: 0.2 | K117: 0.1 | L117: 0.1 | M117: NA | N117: 0.1 | O117: 0.1 | P117: 0.2 | Q117: 0.2 | R117: 0.1 | S117: 0.1 | U117: =AVERAGE(D117:S117) -> 0.12857143
A118: ASMR | B118: Male | C118: 15 | D118: 0.2 | E118: 0.2 | F118: 0.2 | G118: 0.3 | H118: 0.3 | I118: 0.2 | J118: 0.3 | K118: 0.3 | L118: 0.3 | M118: 0.2 | N118: 0.2 | O118: 0.3 | P118: 0.2 | Q118: 0.3 | R118: 0.2 | S118: 0.2 | U118: =AVERAGE(D118:S118) -> 0.24375
A119: ASMR | B119: Male | C119: 16 | D119: 0.2 | E119: 0.2 | F119: 0.2 | G119: 0.3 | H119: 0.3 | I119: 0.2 | J119: 0.3 | K119: 0.3 | L119: 0.3 | M119: 0.2 | N119: 0.2 | O119: 0.3 | P119: 0.2 | Q119: 0.3 | R119: 0.2 | S119: 0.2 | U119: =AVERAGE(D119:S119) -> 0.24375
A120: ASMR | B120: Male | C120: 17 | D120: 0.2 | E120: 0.2 | F120: 0.2 | G120: 0.3 | H120: 0.3 | I120: 0.2 | J120: 0.3 | K120: 0.3 | L120: 0.3 | M120: 0.2 | N120: 0.2 | O120: 0.3 | P120: 0.2 | Q120: 0.3 | R120: 0.2 | S120: 0.2 | U120: =AVERAGE(D120:S120) -> 0.24375
A121: ASMR | B121: Male | C121: 18 | D121: 0.2 | E121: 0.2 | F121: 0.2 | G121: 0.3 | H121: 0.3 | I121: 0.2 | J121: 0.3 | K121: 0.3 | L121: 0.3 | M121: 0.2 | N121: 0.2 | O121: 0.3 | P121: 0.2 | Q121: 0.3 | R121: 0.2 | S121: 0.2 | U121: =AVERAGE(D121:S121) -> 0.24375
A122: ASMR | B122: Male | C122: 19 | D122: 0.2 | E122: 0.2 | F122: 0.2 | G122: 0.3 | H122: 0.3 | I122: 0.2 | J122: 0.3 | K122: 0.3 | L122: 0.3 | M122: 0.2 | N122: 0.2 | O122: 0.3 | P122: 0.2 | Q122: 0.3 | R122: 0.2 | S122: 0.2 | U122: =AVERAGE(D122:S122) -> 0.24375
A123: ASMR | B123: Male | C123: 20 | D123: 0.4 | E123: 0.5 | F123: 0.5 | G123: 0.4 | H123: 0.4 | I123: 0.3 | J123: 0.3 | K123: 0.3 | L123: 0.4 | M123: 0.4 | N123: 0.3 | O123: 0.3 | P123: 0.4 | Q123: 0.4 | R123: 0.4 | S123: 0.3 | U123: =AVERAGE(D123:S123) -> 0.375
A124: ASMR | B124: Male | C124: 21 | D124: 0.4 | E124: 0.5 | F124: 0.5 | G124: 0.4 | H124: 0.4 | I124: 0.3 | J124: 0.3 | K124: 0.3 | L124: 0.4 | M124: 0.4 | N124: 0.3 | O124: 0.3 | P124: 0.4 | Q124: 0.4 | R124: 0.4 | S124: 0.3 | U124: =AVERAGE(D124:S124) -> 0.375
A125: ASMR | B125: Male | C125: 22 | D125: 0.4 | E125: 0.5 | F125: 0.5 | G125: 0.4 | H125: 0.4 | I125: 0.3 | J125: 0.3 | K125: 0.3 | L125: 0.4 | M125: 0.4 | N125: 0.3 | O125: 0.3 | P125: 0.4 | Q125: 0.4 | R125: 0.4 | S125: 0.3 | U125: =AVERAGE(D125:S125) -> 0.375
A126: ASMR | B126: Male | C126: 23 | D126: 0.4 | E126: 0.5 | F126: 0.5 | G126: 0.4 | H126: 0.4 | I126: 0.3 | J126: 0.3 | K126: 0.3 | L126: 0.4 | M126: 0.4 | N126: 0.3 | O126: 0.3 | P126: 0.4 | Q126: 0.4 | R126: 0.4 | S126: 0.3 | U126: =AVERAGE(D126:S126) -> 0.375
A127: ASMR | B127: Male | C127: 24 | D127: 0.4 | E127: 0.5 | F127: 0.5 | G127: 0.4 | H127: 0.4 | I127: 0.3 | J127: 0.3 | K127: 0.3 | L127: 0.4 | M127: 0.4 | N127: 0.3 | O127: 0.3 | P127: 0.4 | Q127: 0.4 | R127: 0.4 | S127: 0.3 | U127: =AVERAGE(D127:S127) -> 0.375
A128: ASMR | B128: Male | C128: 25 | D128: 0.4 | E128: 0.4 | F128: 0.4 | G128: 0.3 | H128: 0.3 | I128: 0.4 | J128: 0.4 | K128: 0.3 | L128: 0.3 | M128: 0.3 | N128: 0.3 | O128: 0.4 | P128: 0.5 | Q128: 0.5 | R128: 0.4 | S128: 0.5 | U128: =AVERAGE(D128:S128) -> 0.38125
A129: ASMR | B129: Male | C129: 26 | D129: 0.4 | E129: 0.4 | F129: 0.4 | G129: 0.3 | H129: 0.3 | I129: 0.4 | J129: 0.4 | K129: 0.3 | L129: 0.3 | M129: 0.3 | N129: 0.3 | O129: 0.4 | P129: 0.5 | Q129: 0.5 | R129: 0.4 | S129: 0.5 | U129: =AVERAGE(D129:S129) -> 0.38125
... A203: ASMR | B203: Male | C203: 100 | D203: 178.8 | E203: 163.1 | F203: 169.2 | G203: 189.2 | H203: 167.6 | I203: 165.4 | J203: 157 | K203: 170.3 | L203: 169.3 | M203: 163.9 | N203: 155.6 | O203: 187.4 | P203: 210.7 | Q203: 184.1 | R203: 178.5 | S203: 164.5 | U203: =AVERAGE(D203:S203) -> 173.4125
A204: Births | B204: Total | C204: NA | D204: 35129 | E204: 36178 | F204: 38641 | G204: 35681 | H204: 37967 | I204: 37861 | J204: 36875 | K204: 35444 | L204: 35040 | M204: 35330 | N204: 34233 | O204: 34183 | P204: 32290 | Q204: 30518 | R204: 30808 | S204: NA
A205: BirthsPer1000Women | B205: Female | C205: 15 | D205: 4.8 | E205: 4.7 | F205: 4.3 | G205: 3.8 | H205: 3.3 | I205: 2.7 | J205: 2.7 | K205: 2.6 | L205: 2.5 | M205: 2.5 | N205: 2.3 | O205: 2.2 | P205: 2.1 | Q205: 2.2 | R205: 2.3 | S205: 1.3 | U205: =AVERAGE(D205:S205) -> 2.89375
A206: BirthsPer1000Women | B206: Female | C206: 16 | D206: 4.8 | E206: 4.7 | F206: 4.3 | G206: 3.8 | H206: 3.3 | I206: 2.7 | J206: 2.7 | K206: 2.6 | L206: 2.5 | M206: 2.5 | N206: 2.3 | O206: 2.2 | P206: 2.1 | Q206: 2.2 | R206: 2.3 | S206: 1.3 | U206: =AVERAGE(D206:S206) -> 2.89375
A207: BirthsPer1000Women | B207: Female | C207: 17 | D207: 4.8 | E207: 4.7 | F207: 4.3 | G207: 3.8 | H207: 3.3 | I207: 2.7 | J207: 2.7 | K207: 2.6 | L207: 2.5 | M207: 2.5 | N207: 2.3 | O207: 2.2 | P207: 2.1 | Q207: 2.2 | R207: 2.3 | S207: 1.3 | U207: =AVERAGE(D207:S207) -> 2.89375
A208: BirthsPer1000Women | B208: Female | C208: 18 | D208: 4.8 | E208: 4.7 | F208: 4.3 | G208: 3.8 | H208: 3.3 | I208: 2.7 | J208: 2.7 | K208: 2.6 | L208: 2.5 | M208: 2.5 | N208: 2.3 | O208: 2.2 | P208: 2.1 | Q208: 2.2 | R208: 2.3 | S208: 1.3 | U208: =AVERAGE(D208:S208) -> 2.89375
A209: BirthsPer1000Women | B209: Female | C209: 19 | D209: 4.8 | E209: 4.7 | F209: 4.3 | G209: 3.8 | H209: 3.3 | I209: 2.7 | J209: 2.7 | K209: 2.6 | L209: 2.5 | M209: 2.5 | N209: 2.3 | O209: 2.2 | P209: 2.1 | Q209: 2.2 | R209: 2.3 | S209: 1.3 | U209: =AVERAGE(D209:S209) -> 2.89375
A210: BirthsPer1000Women | B210: Female | C210: 20 | D210: 23.3 | E210: 22.4 | F210: 22.2 | G210: 19.7 | H210: 19.5 | I210: 18.7 | J210: 17 | K210: 15.1 | L210: 14.4 | M210: 12.7 | N210: 12.7 | O210: 11.7 | P210: 11.2 | Q210: 10.6 | R210: 9.8 | S210: 8.7 | U210: =AVERAGE(D210:S210) -> 15.60625
A211: BirthsPer1000Women | B211: Female | C211: 21 | D211: 23.3 | E211: 22.4 | F211: 22.2 | G211: 19.7 | H211: 19.5 | I211: 18.7 | J211: 17 | K211: 15.1 | L211: 14.4 | M211: 12.7 | N211: 12.7 | O211: 11.7 | P211: 11.2 | Q211: 10.6 | R211: 9.8 | S211: 8.7 | U211: =AVERAGE(D211:S211) -> 15.60625
A212: BirthsPer1000Women | B212: Female | C212: 22 | D212: 23.3 | E212: 22.4 | F212: 22.2 | G212: 19.7 | H212: 19.5 | I212: 18.7 | J212: 17 | K212: 15.1 | L212: 14.4 | M212: 12.7 | N212: 12.7 | O212: 11.7 | P212: 11.2 | Q212: 10.6 | R212: 9.8 | S212: 8.7 | U212: =AVERAGE(D212:S212) -> 15.60625
A213: BirthsPer1000Women | B213: Female | C213: 23 | D213: 23.3 | E213: 22.4 | F213: 22.2 | G213: 19.7 | H213: 19.5 | I213: 18.7 | J213: 17 | K213: 15.1 | L213: 14.4 | M213: 12.7 | N213: 12.7 | O213: 11.7 | P213: 11.2 | Q213: 10.6 | R213: 9.8 | S213: 8.7 | U213: =AVERAGE(D213:S213) -> 15.60625
A214: BirthsPer1000Women | B214: Female | C214: 24 | D214: 23.3 | E214: 22.4 | F214: 22.2 | G214: 19.7 | H214: 19.5 | I214: 18.7 | J214: 17 | K214: 15.1 | L214: 14.4 | M214: 12.7 | N214: 12.7 | O214: 11.7 | P214: 11.2 | Q214: 10.6 | R214: 9.8 | S214: 8.7 | U214: =AVERAGE(D214:S214) -> 15.60625
A215: BirthsPer1000Women | B215: Female | C215: 25 | D215: 68.1 | E215: 73.4 | F215: 76.7 | G215: 70.5 | H215: 71.1 | I215: 68.7 | J215: 65.8 | K215: 62.2 | L215: 60.6 | M215: 59.4 | N215: 54.6 | O215: 53.4 | P215: 48.8 | Q215: 43.7 | R215: 42.6 | S215: 38.1 | U215: =AVERAGE(D215:S215) -> 59.85625
A216: BirthsPer1000Women | B216: Female | C216: 26 | D216: 68.1 | E216: 73.4 | F216: 76.7 | G216: 70.5 | H216: 71.1 | I216: 68.7 | J216: 65.8 | K216: 62.2 | L216: 60.6 | M216: 59.4 | N216: 54.6 | O216: 53.4 | P216: 48.8 | Q216: 43.7 | R216: 42.6 | S216: 38.1 | U216: =AVERAGE(D216:S216) -> 59.85625
... A239: BirthsPer1000Women | B239: Female | C239: 49 | D239: 0.3 | E239: 0.3 | F239: 0.3 | G239: 0.3 | H239: 0.3 | I239: 0.4 | J239: 0.3 | K239: 0.5 | L239: 0.5 | M239: 0.4 | N239: 0.5 | O239: 0.3 | P239: 0.4 | Q239: 0.6 | R239: 0.7 | S239: 0.5 | U239: =AVERAGE(D239:S239) -> 0.4125
A240: Deaths | B240: Total | C240: NA | D240: 16476 | E240: 16887 | F240: 17273 | G240: 17810 | H240: 18237 | I240: 18640 | J240: 18856 | K240: 19763 | L240: 20095 | M240: 20288 | N240: 20985 | O240: 23270 | P240: 25586 | Q240: 25567 | R240: 25171 | S240: 25300
A241: Female.proportion.0_39 | B241: Female | C241: NA | D241: 0.54104443 | E241: 0.53077564 | F241: 0.52276568 | G241: 0.51420737 | H241: 0.50625531 | I241: 0.50004481 | J241: 0.49364307 | K241: 0.487169 | L241: 0.48128745 | M241: 0.47564866 | N241: 0.46982078 | O241: 0.46426759 | P241: 0.45957974 | Q241: 0.45352036 | R241: 0.4482372 | S241: 0.44211927
A242: Female.proportion.40_64 | B242: Female | C242: NA | D242: 0.36013206 | E242: 0.36695642 | F242: 0.36884538 | G242: 0.37132119 | H242: 0.37299252 | I242: 0.3729808 | J242: 0.37326731 | K242: 0.37337254 | L242: 0.37252514 | M242: 0.37109878 | N242: 0.36931678 | O242: 0.3658562 | P242: 0.36478788 | Q242: 0.36463799 | R242: 0.36276972 | S242: 0.36144665
A243: Female.proportion.65_84 | B243: Female | C243: NA | D243: 0.088554937 | E243: 0.091402705 | F243: 0.096798044 | G243: 0.10211561 | H243: 0.10757043 | I243: 0.11304682 | J243: 0.1184746 | K243: 0.12412851 | L243: 0.13011045 | M243: 0.13620445 | N243: 0.14265571 | O243: 0.15067698 | P243: 0.15658366 | Q243: 0.16242783 | R243: 0.16825263 | S243: 0.17416767
A244: Female.proportion.85plus | B244: Female | C244: NA | D244: 0.010268567 | E244: 0.010865237 | F244: 0.011590896 | G244: 0.012355836 | H244: 0.013181739 | I244: 0.013927561 | J244: 0.014615029 | K244: 0.015329947 | L244: 0.016076961 | M244: 0.017048104 | N244: 0.018206724 | O244: 0.019199224 | P244: 0.019048721 | Q244: 0.019413816 | R244: 0.020740443 | S244: 0.022266412
A245: Male.proportion.0_39 | B245: Male | C245: NA | D245: 0.54965765 | E245: 0.5402988 | F245: 0.53213006 | G245: 0.52382231 | H245: 0.51655952 | I245: 0.51081378 | J245: 0.50532722 | K245: 0.50003576 | L245: 0.49535289 | M245: 0.490757 | N245: 0.48612024 | O245: 0.48330256 | P245: 0.47873041 | Q245: 0.47336716 | R245: 0.46949381 | S245: 0.46501779
A246: Male.proportion.40_64 | B246: Male | C246: NA | D246: 0.3699741 | E246: 0.37610068 | F246: 0.37821202 | G246: 0.38056806 | H246: 0.38150609 | I246: 0.38090438 | J246: 0.38021255 | K246: 0.37921993 | L246: 0.37689676 | M246: 0.37393863 | N246: 0.37131945 | O246: 0.36641128 | P246: 0.36435867 | Q246: 0.36292461 | R246: 0.35932675 | S246: 0.35631864
A247: Male.proportion.65_84 | B247: Male | C247: NA | D247: 0.07519828 | E247: 0.078114411 | F247: 0.083760185 | G247: 0.08930671 | H247: 0.095137746 | I247: 0.1009763 | J247: 0.10671015 | K247: 0.11254589 | L247: 0.11905587 | M247: 0.12601263 | N247: 0.13253076 | O247: 0.13968155 | P247: 0.14625326 | Q247: 0.15260779 | R247: 0.15911338 | S247: 0.16554772
A248: Male.proportion.85plus | B248: Male | C248: NA | D248: 0.005169969 | E248: 0.0054861174 | F248: 0.005897728 | G248: 0.0063029209 | H248: 0.0067966422 | I248: 0.0073055387 | J248: 0.0077500899 | K248: 0.0081984209 | L248: 0.0086944829 | M248: 0.0092917474 | N248: 0.010029552 | O248: 0.010604604 | P248: 0.010657659 | Q248: 0.011100439 | R248: 0.012066061 | S248: 0.013115853
A249: NetMigration | B249: Total | C249: NA | D249: NA | E249: -1761 | F249: 7586 | G249: 8675 | H249: 6258 | I249: 12730 | J249: 12850 | K249: 16556 | L249: 13542 | M249: 16884 | N249: 4753 | O249: -68281 | P249: 79693 | Q249: 71063 | R249: 25978 | S249: NA
A250: NetMigrationFrac | B250: Total | C250: NA | D250: NA | E250: -0.00066212018 | F250: 0.0028698106 | G250: 0.0033058916 | H250: 0.0024034649 | I250: 0.004910644 | J250: 0.0049826538 | K250: 0.0064371116 | L250: 0.0052869813 | M250: 0.0066023791 | N250: 0.0018688186 | O250: -0.027521187 | P250: 0.031696152 | Q250: 0.028037309 | R250: 0.010273019 | S250: NA
A251: Residents | B251: Female | C251: NA | D251: 1910588 | E251: 1921081 | F251: 1938159 | G251: 1953247 | H251: 1968329 | I251: 1986062 | J251: 2004033 | K251: 2022251 | L251: 2038445 | M251: 2056827 | N251: 2066654 | O251: 2033728 | P251: 2083027 | Q251: 2127351 | R251: 2145904 | S251: 2159890
A252: Residents | B252: Male | C252: NA | D252: 1861133 | E252: 1868170 | F252: 1880046 | G252: 1891504 | H252: 1902410 | I252: 1916628 | J252: 1929526 | K252: 1943545 | L252: 1955838 | M252: 1969382 | N252: 1977556 | O252: 1953114 | P252: 1990212 | Q252: 2021902 | R252: 2034964 | S252: 2044625
A253: Residents | B253: Total | C253: NA | D253: 3771721 | E253: 3789251 | F253: 3818205 | G253: 3844751 | H253: 3870739 | I253: 3902690 | J253: 3933559 | K253: 3965796 | L253: 3994283 | M253: 4026209 | N253: 4044210 | O253: 3986842 | P253: 4073239 | Q253: 4149253 | R253: 4180868 | S253: 4204515
